month,term,category,interest,extracted_at
2004-01-01,foreclosure help,core_distress,0,2026-09-09 11:11:56.080316+00:00
2004-02-01,foreclosure help,core_distress,0,2026-09-09 11:11:56.080316+00:00
2004-03-01,foreclosure help,core_distress,0,2026-09-09 11:11:56.080316+00:00
2004-04-01,foreclosure help,core_distress,14,2026-09-09 11:11:56.080316+00:00
2004-05-01,foreclosure help,core_distress,0,2026-09-09 11:11:56.080316+00:00
2004-06-01,foreclosure help,core_distress,0,2026-09-09 11:11:56.080316+00:00
2004-07-01,foreclosure help,core_distress,0,2026-09-09 11:11:56.080316+00:00
2004-08-01,foreclosure help,core_distress,0,2026-09-09 11:11:56.080316+00:00
2004-09-01,foreclosure help,core_distress,0,2026-09-09 11:11:56.080316+00:00
2004-10-01,foreclosure help,core_distress,17,2026-09-09 11:11:56.080316+00:00
2004-11-01,foreclosure help,core_distress,0,2026-09-09 11:11:56.080316+00:00
2004-12-01,foreclosure help,core_distress,13,2026-09-09 11:11:56.080316+00:00
2005-01-01,foreclosure help,core_distress,16,2026-09-09 11:11:56.080316+00:00
2005-02-01,foreclosure help,core_distress,13,2026-09-09 11:11:56.080316+00:00
2005-03-01,foreclosure help,core_distress,0,2026-09-09 11:11:56.080316+00:00
2005-04-01,foreclosure help,core_distress,0,2026-09-09 11:11:56.080316+00:00
2005-05-01,foreclosure help,core_distress,9,2026-09-09 11:11:56.080316+00:00
2005-06-01,foreclosure help,core_distress,17,2026-09-09 11:11:56.080316+00:00
2005-07-01,foreclosure help,core_distress,9,2026-09-09 11:11:56.080316+00:00
2005-08-01,foreclosure help,core_distress,0,2026-09-09 11:11:56.080316+00:00
2005-09-01,foreclosure help,core_distress,9,2026-09-09 11:11:56.080316+00:00
2005-10-01,foreclosure help,core_distress,0,2026-09-09 11:11:56.080316+00:00
2005-11-01,foreclosure help,core_distress,8,2026-09-09 11:11:56.080316+00:00
2005-12-01,foreclosure help,core_distress,0,2026-09-09 11:11:56.080316+00:00
2006-01-01,foreclosure help,core_distress,12,2026-09-09 11:11:56.080316+00:00
2006-02-01,foreclosure help,core_distress,12,2026-09-09 11:11:56.080316+00:00
2006-03-01,foreclosure help,core_distress,13,2026-09-09 11:11:56.080316+00:00
2006-04-01,foreclosure help,core_distress,14,2026-09-09 11:11:56.080316+00:00
2006-05-01,foreclosure help,core_distress,11,2026-09-09 11:11:56.080316+00:00
2006-06-01,foreclosure help,core_distress,15,2026-09-09 11:11:56.080316+00:00
2006-07-01,foreclosure help,core_distress,14,2026-09-09 11:11:56.080316+00:00
2006-08-01,foreclosure help,core_distress,14,2026-09-09 11:11:56.080316+00:00
2006-09-01,foreclosure help,core_distress,16,2026-09-09 11:11:56.080316+00:00
2006-10-01,foreclosure help,core_distress,18,2026-09-09 11:11:56.080316+00:00
2006-11-01,foreclosure help,core_distress,16,2026-09-09 11:11:56.080316+00:00
2006-12-01,foreclosure help,core_distress,18,2026-09-09 11:11:56.080316+00:00
2007-01-01,foreclosure help,core_distress,19,2026-09-09 11:11:56.080316+00:00
2007-02-01,foreclosure help,core_distress,20,2026-09-09 11:11:56.080316+00:00
2007-03-01,foreclosure help,core_distress,21,2026-09-09 11:11:56.080316+00:00
2007-04-01,foreclosure help,core_distress,27,2026-09-09 11:11:56.080316+00:00
2007-05-01,foreclosure help,core_distress,23,2026-09-09 11:11:56.080316+00:00
2007-06-01,foreclosure help,core_distress,24,2026-09-09 11:11:56.080316+00:00
2007-07-01,foreclosure help,core_distress,25,2026-09-09 11:11:56.080316+00:00
2007-08-01,foreclosure help,core_distress,36,2026-09-09 11:11:56.080316+00:00
2007-09-01,foreclosure help,core_distress,40,2026-09-09 11:11:56.080316+00:00
2007-10-01,foreclosure help,core_distress,42,2026-09-09 11:11:56.080316+00:00
2007-11-01,foreclosure help,core_distress,36,2026-09-09 11:11:56.080316+00:00
2007-12-01,foreclosure help,core_distress,39,2026-09-09 11:11:56.080316+00:00
2008-01-01,foreclosure help,core_distress,49,2026-09-09 11:11:56.080316+00:00
2008-02-01,foreclosure help,core_distress,49,2026-09-09 11:11:56.080316+00:00
2008-03-01,foreclosure help,core_distress,58,2026-09-09 11:11:56.080316+00:00
2008-04-01,foreclosure help,core_distress,59,2026-09-09 11:11:56.080316+00:00
2008-05-01,foreclosure help,core_distress,49,2026-09-09 11:11:56.080316+00:00
2008-06-01,foreclosure help,core_distress,58,2026-09-09 11:11:56.080316+00:00
2008-07-01,foreclosure help,core_distress,74,2026-09-09 11:11:56.080316+00:00
2008-08-01,foreclosure help,core_distress,62,2026-09-09 11:11:56.080316+00:00
2008-09-01,foreclosure help,core_distress,73,2026-09-09 11:11:56.080316+00:00
2008-10-01,foreclosure help,core_distress,90,2026-09-09 11:11:56.080316+00:00
2008-11-01,foreclosure help,core_distress,77,2026-09-09 11:11:56.080316+00:00
2008-12-01,foreclosure help,core_distress,79,2026-09-09 11:11:56.080316+00:00
2009-01-01,foreclosure help,core_distress,84,2026-09-09 11:11:56.080316+00:00
2009-02-01,foreclosure help,core_distress,100,2026-09-09 11:11:56.080316+00:00
2009-03-01,foreclosure help,core_distress,84,2026-09-09 11:11:56.080316+00:00
2009-04-01,foreclosure help,core_distress,59,2026-09-09 11:11:56.080316+00:00
2009-05-01,foreclosure help,core_distress,58,2026-09-09 11:11:56.080316+00:00
2009-06-01,foreclosure help,core_distress,53,2026-09-09 11:11:56.080316+00:00
2009-07-01,foreclosure help,core_distress,58,2026-09-09 11:11:56.080316+00:00
2009-08-01,foreclosure help,core_distress,47,2026-09-09 11:11:56.080316+00:00
2009-09-01,foreclosure help,core_distress,40,2026-09-09 11:11:56.080316+00:00
2009-10-01,foreclosure help,core_distress,37,2026-09-09 11:11:56.080316+00:00
2009-11-01,foreclosure help,core_distress,42,2026-09-09 11:11:56.080316+00:00
2009-12-01,foreclosure help,core_distress,41,2026-09-09 11:11:56.080316+00:00
2010-01-01,foreclosure help,core_distress,41,2026-09-09 11:11:56.080316+00:00
2010-02-01,foreclosure help,core_distress,40,2026-09-09 11:11:56.080316+00:00
2010-03-01,foreclosure help,core_distress,42,2026-09-09 11:11:56.080316+00:00
2010-04-01,foreclosure help,core_distress,40,2026-09-09 11:11:56.080316+00:00
2010-05-01,foreclosure help,core_distress,36,2026-09-09 11:11:56.080316+00:00
2010-06-01,foreclosure help,core_distress,34,2026-09-09 11:11:56.080316+00:00
2010-07-01,foreclosure help,core_distress,30,2026-09-09 11:11:56.080316+00:00
2010-08-01,foreclosure help,core_distress,38,2026-09-09 11:11:56.080316+00:00
2010-09-01,foreclosure help,core_distress,29,2026-09-09 11:11:56.080316+00:00
2010-10-01,foreclosure help,core_distress,31,2026-09-09 11:11:56.080316+00:00
2010-11-01,foreclosure help,core_distress,25,2026-09-09 11:11:56.080316+00:00
2010-12-01,foreclosure help,core_distress,25,2026-09-09 11:11:56.080316+00:00
2011-01-01,foreclosure help,core_distress,32,2026-09-09 11:11:56.080316+00:00
2011-02-01,foreclosure help,core_distress,28,2026-09-09 11:11:56.080316+00:00
2011-03-01,foreclosure help,core_distress,27,2026-09-09 11:11:56.080316+00:00
2011-04-01,foreclosure help,core_distress,24,2026-09-09 11:11:56.080316+00:00
2011-05-01,foreclosure help,core_distress,27,2026-09-09 11:11:56.080316+00:00
2011-06-01,foreclosure help,core_distress,24,2026-09-09 11:11:56.080316+00:00
2011-07-01,foreclosure help,core_distress,28,2026-09-09 11:11:56.080316+00:00
2011-08-01,foreclosure help,core_distress,26,2026-09-09 11:11:56.080316+00:00
2011-09-01,foreclosure help,core_distress,24,2026-09-09 11:11:56.080316+00:00
2011-10-01,foreclosure help,core_distress,24,2026-09-09 11:11:56.080316+00:00
2011-11-01,foreclosure help,core_distress,24,2026-09-09 11:11:56.080316+00:00
2011-12-01,foreclosure help,core_distress,23,2026-09-09 11:11:56.080316+00:00
2012-01-01,foreclosure help,core_distress,27,2026-09-09 11:11:56.080316+00:00
2012-02-01,foreclosure help,core_distress,28,2026-09-09 11:11:56.080316+00:00
2012-03-01,foreclosure help,core_distress,21,2026-09-09 11:11:56.080316+00:00
2012-04-01,foreclosure help,core_distress,23,2026-09-09 11:11:56.080316+00:00
2012-05-01,foreclosure help,core_distress,22,2026-09-09 11:11:56.080316+00:00
2012-06-01,foreclosure help,core_distress,23,2026-09-09 11:11:56.080316+00:00
2012-07-01,foreclosure help,core_distress,23,2026-09-09 11:11:56.080316+00:00
2012-08-01,foreclosure help,core_distress,20,2026-09-09 11:11:56.080316+00:00
2012-09-01,foreclosure help,core_distress,24,2026-09-09 11:11:56.080316+00:00
2012-10-01,foreclosure help,core_distress,19,2026-09-09 11:11:56.080316+00:00
2012-11-01,foreclosure help,core_distress,19,2026-09-09 11:11:56.080316+00:00
2012-12-01,foreclosure help,core_distress,19,2026-09-09 11:11:56.080316+00:00
2013-01-01,foreclosure help,core_distress,20,2026-09-09 11:11:56.080316+00:00
2013-02-01,foreclosure help,core_distress,18,2026-09-09 11:11:56.080316+00:00
2013-03-01,foreclosure help,core_distress,17,2026-09-09 11:11:56.080316+00:00
2013-04-01,foreclosure help,core_distress,18,2026-09-09 11:11:56.080316+00:00
2013-05-01,foreclosure help,core_distress,16,2026-09-09 11:11:56.080316+00:00
2013-06-01,foreclosure help,core_distress,14,2026-09-09 11:11:56.080316+00:00
2013-07-01,foreclosure help,core_distress,17,2026-09-09 11:11:56.080316+00:00
2013-08-01,foreclosure help,core_distress,15,2026-09-09 11:11:56.080316+00:00
2013-09-01,foreclosure help,core_distress,15,2026-09-09 11:11:56.080316+00:00
2013-10-01,foreclosure help,core_distress,13,2026-09-09 11:11:56.080316+00:00
2013-11-01,foreclosure help,core_distress,12,2026-09-09 11:11:56.080316+00:00
2013-12-01,foreclosure help,core_distress,12,2026-09-09 11:11:56.080316+00:00
2014-01-01,foreclosure help,core_distress,13,2026-09-09 11:11:56.080316+00:00
2014-02-01,foreclosure help,core_distress,11,2026-09-09 11:11:56.080316+00:00
2014-03-01,foreclosure help,core_distress,14,2026-09-09 11:11:56.080316+00:00
2014-04-01,foreclosure help,core_distress,11,2026-09-09 11:11:56.080316+00:00
2014-05-01,foreclosure help,core_distress,11,2026-09-09 11:11:56.080316+00:00
2014-06-01,foreclosure help,core_distress,11,2026-09-09 11:11:56.080316+00:00
2014-07-01,foreclosure help,core_distress,12,2026-09-09 11:11:56.080316+00:00
2014-08-01,foreclosure help,core_distress,10,2026-09-09 11:11:56.080316+00:00
2014-09-01,foreclosure help,core_distress,11,2026-09-09 11:11:56.080316+00:00
2014-10-01,foreclosure help,core_distress,10,2026-09-09 11:11:56.080316+00:00
2014-11-01,foreclosure help,core_distress,9,2026-09-09 11:11:56.080316+00:00
2014-12-01,foreclosure help,core_distress,7,2026-09-09 11:11:56.080316+00:00
2015-01-01,foreclosure help,core_distress,11,2026-09-09 11:11:56.080316+00:00
2015-02-01,foreclosure help,core_distress,10,2026-09-09 11:11:56.080316+00:00
2015-03-01,foreclosure help,core_distress,10,2026-09-09 11:11:56.080316+00:00
2015-04-01,foreclosure help,core_distress,9,2026-09-09 11:11:56.080316+00:00
2015-05-01,foreclosure help,core_distress,8,2026-09-09 11:11:56.080316+00:00
2015-06-01,foreclosure help,core_distress,9,2026-09-09 11:11:56.080316+00:00
2015-07-01,foreclosure help,core_distress,10,2026-09-09 11:11:56.080316+00:00
2015-08-01,foreclosure help,core_distress,8,2026-09-09 11:11:56.080316+00:00
2015-09-01,foreclosure help,core_distress,8,2026-09-09 11:11:56.080316+00:00
2015-10-01,foreclosure help,core_distress,9,2026-09-09 11:11:56.080316+00:00
2015-11-01,foreclosure help,core_distress,8,2026-09-09 11:11:56.080316+00:00
2015-12-01,foreclosure help,core_distress,5,2026-09-09 11:11:56.080316+00:00
2016-01-01,foreclosure help,core_distress,10,2026-09-09 11:11:56.080316+00:00
2016-02-01,foreclosure help,core_distress,12,2026-09-09 11:11:56.080316+00:00
2016-03-01,foreclosure help,core_distress,11,2026-09-09 11:11:56.080316+00:00
2016-04-01,foreclosure help,core_distress,9,2026-09-09 11:11:56.080316+00:00
2016-05-01,foreclosure help,core_distress,10,2026-09-09 11:11:56.080316+00:00
2016-06-01,foreclosure help,core_distress,9,2026-09-09 11:11:56.080316+00:00
2016-07-01,foreclosure help,core_distress,9,2026-09-09 11:11:56.080316+00:00
2016-08-01,foreclosure help,core_distress,8,2026-09-09 11:11:56.080316+00:00
2016-09-01,foreclosure help,core_distress,8,2026-09-09 11:11:56.080316+00:00
2016-10-01,foreclosure help,core_distress,8,2026-09-09 11:11:56.080316+00:00
2016-11-01,foreclosure help,core_distress,6,2026-09-09 11:11:56.080316+00:00
2016-12-01,foreclosure help,core_distress,6,2026-09-09 11:11:56.080316+00:00
2017-01-01,foreclosure help,core_distress,8,2026-09-09 11:11:56.080316+00:00
2017-02-01,foreclosure help,core_distress,9,2026-09-09 11:11:56.080316+00:00
2017-03-01,foreclosure help,core_distress,9,2026-09-09 11:11:56.080316+00:00
2017-04-01,foreclosure help,core_distress,8,2026-09-09 11:11:56.080316+00:00
2017-05-01,foreclosure help,core_distress,7,2026-09-09 11:11:56.080316+00:00
2017-06-01,foreclosure help,core_distress,7,2026-09-09 11:11:56.080316+00:00
2017-07-01,foreclosure help,core_distress,8,2026-09-09 11:11:56.080316+00:00
2017-08-01,foreclosure help,core_distress,7,2026-09-09 11:11:56.080316+00:00
2017-09-01,foreclosure help,core_distress,9,2026-09-09 11:11:56.080316+00:00
2017-10-01,foreclosure help,core_distress,7,2026-09-09 11:11:56.080316+00:00
2017-11-01,foreclosure help,core_distress,7,2026-09-09 11:11:56.080316+00:00
2017-12-01,foreclosure help,core_distress,6,2026-09-09 11:11:56.080316+00:00
2018-01-01,foreclosure help,core_distress,7,2026-09-09 11:11:56.080316+00:00
2018-02-01,foreclosure help,core_distress,7,2026-09-09 11:11:56.080316+00:00
2018-03-01,foreclosure help,core_distress,8,2026-09-09 11:11:56.080316+00:00
2018-04-01,foreclosure help,core_distress,8,2026-09-09 11:11:56.080316+00:00
2018-05-01,foreclosure help,core_distress,6,2026-09-09 11:11:56.080316+00:00
2018-06-01,foreclosure help,core_distress,7,2026-09-09 11:11:56.080316+00:00
2018-07-01,foreclosure help,core_distress,6,2026-09-09 11:11:56.080316+00:00
2018-08-01,foreclosure help,core_distress,6,2026-09-09 11:11:56.080316+00:00
2018-09-01,foreclosure help,core_distress,7,2026-09-09 11:11:56.080316+00:00
2018-10-01,foreclosure help,core_distress,8,2026-09-09 11:11:56.080316+00:00
2018-11-01,foreclosure help,core_distress,7,2026-09-09 11:11:56.080316+00:00
2018-12-01,foreclosure help,core_distress,6,2026-09-09 11:11:56.080316+00:00
2019-01-01,foreclosure help,core_distress,8,2026-09-09 11:11:56.080316+00:00
2019-02-01,foreclosure help,core_distress,6,2026-09-09 11:11:56.080316+00:00
2019-03-01,foreclosure help,core_distress,7,2026-09-09 11:11:56.080316+00:00
2019-04-01,foreclosure help,core_distress,8,2026-09-09 11:11:56.080316+00:00
2019-05-01,foreclosure help,core_distress,6,2026-09-09 11:11:56.080316+00:00
2019-06-01,foreclosure help,core_distress,7,2026-09-09 11:11:56.080316+00:00
2019-07-01,foreclosure help,core_distress,7,2026-09-09 11:11:56.080316+00:00
2019-08-01,foreclosure help,core_distress,6,2026-09-09 11:11:56.080316+00:00
2019-09-01,foreclosure help,core_distress,7,2026-09-09 11:11:56.080316+00:00
2019-10-01,foreclosure help,core_distress,7,2026-09-09 11:11:56.080316+00:00
2019-11-01,foreclosure help,core_distress,6,2026-09-09 11:11:56.080316+00:00
2019-12-01,foreclosure help,core_distress,7,2026-09-09 11:11:56.080316+00:00
2020-01-01,foreclosure help,core_distress,7,2026-09-09 11:11:56.080316+00:00
2020-02-01,foreclosure help,core_distress,7,2026-09-09 11:11:56.080316+00:00
2020-03-01,foreclosure help,core_distress,6,2026-09-09 11:11:56.080316+00:00
2020-04-01,foreclosure help,core_distress,4,2026-09-09 11:11:56.080316+00:00
2020-05-01,foreclosure help,core_distress,5,2026-09-09 11:11:56.080316+00:00
2020-06-01,foreclosure help,core_distress,5,2026-09-09 11:11:56.080316+00:00
2020-07-01,foreclosure help,core_distress,4,2026-09-09 11:11:56.080316+00:00
2020-08-01,foreclosure help,core_distress,4,2026-09-09 11:11:56.080316+00:00
2020-09-01,foreclosure help,core_distress,4,2026-09-09 11:11:56.080316+00:00
2020-10-01,foreclosure help,core_distress,4,2026-09-09 11:11:56.080316+00:00
2020-11-01,foreclosure help,core_distress,3,2026-09-09 11:11:56.080316+00:00
2020-12-01,foreclosure help,core_distress,4,2026-09-09 11:11:56.080316+00:00
2021-01-01,foreclosure help,core_distress,4,2026-09-09 11:11:56.080316+00:00
2021-02-01,foreclosure help,core_distress,4,2026-09-09 11:11:56.080316+00:00
2021-03-01,foreclosure help,core_distress,5,2026-09-09 11:11:56.080316+00:00
2021-04-01,foreclosure help,core_distress,4,2026-09-09 11:11:56.080316+00:00
2021-05-01,foreclosure help,core_distress,4,2026-09-09 11:11:56.080316+00:00
2021-06-01,foreclosure help,core_distress,4,2026-09-09 11:11:56.080316+00:00
2021-07-01,foreclosure help,core_distress,4,2026-09-09 11:11:56.080316+00:00
2021-08-01,foreclosure help,core_distress,4,2026-09-09 11:11:56.080316+00:00
2021-09-01,foreclosure help,core_distress,5,2026-09-09 11:11:56.080316+00:00
2021-10-01,foreclosure help,core_distress,4,2026-09-09 11:11:56.080316+00:00
2021-11-01,foreclosure help,core_distress,4,2026-09-09 11:11:56.080316+00:00
2021-12-01,foreclosure help,core_distress,5,2026-09-09 11:11:56.080316+00:00
2022-01-01,foreclosure help,core_distress,4,2026-09-09 11:11:56.080316+00:00
2022-02-01,foreclosure help,core_distress,5,2026-09-09 11:11:56.080316+00:00
2022-03-01,foreclosure help,core_distress,6,2026-09-09 11:11:56.080316+00:00
2022-04-01,foreclosure help,core_distress,5,2026-09-09 11:11:56.080316+00:00
2022-05-01,foreclosure help,core_distress,4,2026-09-09 11:11:56.080316+00:00
2022-06-01,foreclosure help,core_distress,5,2026-09-09 11:11:56.080316+00:00
2022-07-01,foreclosure help,core_distress,5,2026-09-09 11:11:56.080316+00:00
2022-08-01,foreclosure help,core_distress,5,2026-09-09 11:11:56.080316+00:00
2022-09-01,foreclosure help,core_distress,4,2026-09-09 11:11:56.080316+00:00
2022-10-01,foreclosure help,core_distress,5,2026-09-09 11:11:56.080316+00:00
2022-11-01,foreclosure help,core_distress,4,2026-09-09 11:11:56.080316+00:00
2022-12-01,foreclosure help,core_distress,5,2026-09-09 11:11:56.080316+00:00
2023-01-01,foreclosure help,core_distress,5,2026-09-09 11:11:56.080316+00:00
2023-02-01,foreclosure help,core_distress,6,2026-09-09 11:11:56.080316+00:00
2023-03-01,foreclosure help,core_distress,6,2026-09-09 11:11:56.080316+00:00
2023-04-01,foreclosure help,core_distress,6,2026-09-09 11:11:56.080316+00:00
2023-05-01,foreclosure help,core_distress,6,2026-09-09 11:11:56.080316+00:00
2023-06-01,foreclosure help,core_distress,4,2026-09-09 11:11:56.080316+00:00
2023-07-01,foreclosure help,core_distress,6,2026-09-09 11:11:56.080316+00:00
2023-08-01,foreclosure help,core_distress,5,2026-09-09 11:11:56.080316+00:00
2023-09-01,foreclosure help,core_distress,5,2026-09-09 11:11:56.080316+00:00
2023-10-01,foreclosure help,core_distress,7,2026-09-09 11:11:56.080316+00:00
2023-11-01,foreclosure help,core_distress,6,2026-09-09 11:11:56.080316+00:00
2023-12-01,foreclosure help,core_distress,6,2026-09-09 11:11:56.080316+00:00
2024-01-01,foreclosure help,core_distress,5,2026-09-09 11:11:56.080316+00:00
2024-02-01,foreclosure help,core_distress,6,2026-09-09 11:11:56.080316+00:00
2024-03-01,foreclosure help,core_distress,6,2026-09-09 11:11:56.080316+00:00
2024-04-01,foreclosure help,core_distress,7,2026-09-09 11:11:56.080316+00:00
2024-05-01,foreclosure help,core_distress,4,2026-09-09 11:11:56.080316+00:00
2024-06-01,foreclosure help,core_distress,5,2026-09-09 11:11:56.080316+00:00
2024-07-01,foreclosure help,core_distress,5,2026-09-09 11:11:56.080316+00:00
2024-08-01,foreclosure help,core_distress,5,2026-09-09 11:11:56.080316+00:00
2024-09-01,foreclosure help,core_distress,6,2026-09-09 11:11:56.080316+00:00
2024-10-01,foreclosure help,core_distress,6,2026-09-09 11:11:56.080316+00:00
2024-11-01,foreclosure help,core_distress,7,2026-09-09 11:11:56.080316+00:00
2024-12-01,foreclosure help,core_distress,6,2026-09-09 11:11:56.080316+00:00
2025-01-01,foreclosure help,core_distress,7,2026-09-09 11:11:56.080316+00:00
2025-02-01,foreclosure help,core_distress,7,2026-09-09 11:11:56.080316+00:00
2025-03-01,foreclosure help,core_distress,9,2026-09-09 11:11:56.080316+00:00
2025-04-01,foreclosure help,core_distress,9,2026-09-09 11:11:56.080316+00:00
2025-05-01,foreclosure help,core_distress,8,2026-09-09 11:11:56.080316+00:00
2025-06-01,foreclosure help,core_distress,8,2026-09-09 11:11:56.080316+00:00
2025-07-01,foreclosure help,core_distress,9,2026-09-09 11:11:56.080316+00:00
2025-08-01,foreclosure help,core_distress,9,2026-09-09 11:11:56.080316+00:00
2025-09-01,foreclosure help,core_distress,9,2026-09-09 11:11:56.080316+00:00
2025-10-01,foreclosure help,core_distress,8,2026-09-09 11:11:56.080316+00:00
2025-11-01,foreclosure help,core_distress,11,2026-09-09 11:11:56.080316+00:00
2025-12-01,foreclosure help,core_distress,11,2026-09-09 11:11:56.080316+00:00
2026-01-01,foreclosure help,core_distress,13,2026-09-09 11:11:56.080316+00:00
2026-02-01,foreclosure help,core_distress,13,2026-09-09 11:11:56.080316+00:00
2026-03-01,foreclosure help,core_distress,16,2026-09-09 11:11:56.080316+00:00
2026-04-01,foreclosure help,core_distress,17,2026-09-09 11:11:56.080316+00:00
2026-05-01,foreclosure help,core_distress,16,2026-09-09 11:11:56.080316+00:00
2026-06-01,foreclosure help,core_distress,18,2026-09-09 11:11:56.080316+00:00
2026-07-01,foreclosure help,core_distress,16,2026-09-09 11:11:56.080316+00:00
2026-08-01,foreclosure help,core_distress,11,2026-09-09 11:11:56.080316+00:00
2004-01-01,loan modification,core_distress,0,2026-09-09 11:11:56.080316+00:00
2004-02-01,loan modification,core_distress,0,2026-09-09 11:11:56.080316+00:00
2004-03-01,loan modification,core_distress,0,2026-09-09 11:11:56.080316+00:00
2004-04-01,loan modification,core_distress,0,2026-09-09 11:11:56.080316+00:00
2004-05-01,loan modification,core_distress,0,2026-09-09 11:11:56.080316+00:00
2004-06-01,loan modification,core_distress,0,2026-09-09 11:11:56.080316+00:00
2004-07-01,loan modification,core_distress,0,2026-09-09 11:11:56.080316+00:00
2004-08-01,loan modification,core_distress,0,2026-09-09 11:11:56.080316+00:00
2004-09-01,loan modification,core_distress,0,2026-09-09 11:11:56.080316+00:00
2004-10-01,loan modification,core_distress,0,2026-09-09 11:11:56.080316+00:00
2004-11-01,loan modification,core_distress,0,2026-09-09 11:11:56.080316+00:00
2004-12-01,loan modification,core_distress,0,2026-09-09 11:11:56.080316+00:00
2005-01-01,loan modification,core_distress,0,2026-09-09 11:11:56.080316+00:00
2005-02-01,loan modification,core_distress,0,2026-09-09 11:11:56.080316+00:00
2005-03-01,loan modification,core_distress,0,2026-09-09 11:11:56.080316+00:00
2005-04-01,loan modification,core_distress,0,2026-09-09 11:11:56.080316+00:00
2005-05-01,loan modification,core_distress,0,2026-09-09 11:11:56.080316+00:00
2005-06-01,loan modification,core_distress,0,2026-09-09 11:11:56.080316+00:00
2005-07-01,loan modification,core_distress,0,2026-09-09 11:11:56.080316+00:00
2005-08-01,loan modification,core_distress,0,2026-09-09 11:11:56.080316+00:00
2005-09-01,loan modification,core_distress,0,2026-09-09 11:11:56.080316+00:00
2005-10-01,loan modification,core_distress,0,2026-09-09 11:11:56.080316+00:00
2005-11-01,loan modification,core_distress,0,2026-09-09 11:11:56.080316+00:00
2005-12-01,loan modification,core_distress,0,2026-09-09 11:11:56.080316+00:00
2006-01-01,loan modification,core_distress,0,2026-09-09 11:11:56.080316+00:00
2006-02-01,loan modification,core_distress,0,2026-09-09 11:11:56.080316+00:00
2006-03-01,loan modification,core_distress,0,2026-09-09 11:11:56.080316+00:00
2006-04-01,loan modification,core_distress,1,2026-09-09 11:11:56.080316+00:00
2006-05-01,loan modification,core_distress,0,2026-09-09 11:11:56.080316+00:00
2006-06-01,loan modification,core_distress,0,2026-09-09 11:11:56.080316+00:00
2006-07-01,loan modification,core_distress,0,2026-09-09 11:11:56.080316+00:00
2006-08-01,loan modification,core_distress,0,2026-09-09 11:11:56.080316+00:00
2006-09-01,loan modification,core_distress,1,2026-09-09 11:11:56.080316+00:00
2006-10-01,loan modification,core_distress,0,2026-09-09 11:11:56.080316+00:00
2006-11-01,loan modification,core_distress,1,2026-09-09 11:11:56.080316+00:00
2006-12-01,loan modification,core_distress,0,2026-09-09 11:11:56.080316+00:00
2007-01-01,loan modification,core_distress,0,2026-09-09 11:11:56.080316+00:00
2007-02-01,loan modification,core_distress,0,2026-09-09 11:11:56.080316+00:00
2007-03-01,loan modification,core_distress,0,2026-09-09 11:11:56.080316+00:00
2007-04-01,loan modification,core_distress,1,2026-09-09 11:11:56.080316+00:00
2007-05-01,loan modification,core_distress,1,2026-09-09 11:11:56.080316+00:00
2007-06-01,loan modification,core_distress,1,2026-09-09 11:11:56.080316+00:00
2007-07-01,loan modification,core_distress,1,2026-09-09 11:11:56.080316+00:00
2007-08-01,loan modification,core_distress,1,2026-09-09 11:11:56.080316+00:00
2007-09-01,loan modification,core_distress,1,2026-09-09 11:11:56.080316+00:00
2007-10-01,loan modification,core_distress,2,2026-09-09 11:11:56.080316+00:00
2007-11-01,loan modification,core_distress,2,2026-09-09 11:11:56.080316+00:00
2007-12-01,loan modification,core_distress,2,2026-09-09 11:11:56.080316+00:00
2008-01-01,loan modification,core_distress,3,2026-09-09 11:11:56.080316+00:00
2008-02-01,loan modification,core_distress,3,2026-09-09 11:11:56.080316+00:00
2008-03-01,loan modification,core_distress,4,2026-09-09 11:11:56.080316+00:00
2008-04-01,loan modification,core_distress,5,2026-09-09 11:11:56.080316+00:00
2008-05-01,loan modification,core_distress,6,2026-09-09 11:11:56.080316+00:00
2008-06-01,loan modification,core_distress,7,2026-09-09 11:11:56.080316+00:00
2008-07-01,loan modification,core_distress,10,2026-09-09 11:11:56.080316+00:00
2008-08-01,loan modification,core_distress,14,2026-09-09 11:11:56.080316+00:00
2008-09-01,loan modification,core_distress,19,2026-09-09 11:11:56.080316+00:00
2008-10-01,loan modification,core_distress,30,2026-09-09 11:11:56.080316+00:00
2008-11-01,loan modification,core_distress,43,2026-09-09 11:11:56.080316+00:00
2008-12-01,loan modification,core_distress,56,2026-09-09 11:11:56.080316+00:00
2009-01-01,loan modification,core_distress,58,2026-09-09 11:11:56.080316+00:00
2009-02-01,loan modification,core_distress,71,2026-09-09 11:11:56.080316+00:00
2009-03-01,loan modification,core_distress,100,2026-09-09 11:11:56.080316+00:00
2009-04-01,loan modification,core_distress,75,2026-09-09 11:11:56.080316+00:00
2009-05-01,loan modification,core_distress,67,2026-09-09 11:11:56.080316+00:00
2009-06-01,loan modification,core_distress,60,2026-09-09 11:11:56.080316+00:00
2009-07-01,loan modification,core_distress,59,2026-09-09 11:11:56.080316+00:00
2009-08-01,loan modification,core_distress,57,2026-09-09 11:11:56.080316+00:00
2009-09-01,loan modification,core_distress,55,2026-09-09 11:11:56.080316+00:00
2009-10-01,loan modification,core_distress,51,2026-09-09 11:11:56.080316+00:00
2009-11-01,loan modification,core_distress,47,2026-09-09 11:11:56.080316+00:00
2009-12-01,loan modification,core_distress,46,2026-09-09 11:11:56.080316+00:00
2010-01-01,loan modification,core_distress,47,2026-09-09 11:11:56.080316+00:00
2010-02-01,loan modification,core_distress,47,2026-09-09 11:11:56.080316+00:00
2010-03-01,loan modification,core_distress,48,2026-09-09 11:11:56.080316+00:00
2010-04-01,loan modification,core_distress,43,2026-09-09 11:11:56.080316+00:00
2010-05-01,loan modification,core_distress,40,2026-09-09 11:11:56.080316+00:00
2010-06-01,loan modification,core_distress,44,2026-09-09 11:11:56.080316+00:00
2010-07-01,loan modification,core_distress,33,2026-09-09 11:11:56.080316+00:00
2010-08-01,loan modification,core_distress,36,2026-09-09 11:11:56.080316+00:00
2010-09-01,loan modification,core_distress,33,2026-09-09 11:11:56.080316+00:00
2010-10-01,loan modification,core_distress,30,2026-09-09 11:11:56.080316+00:00
2010-11-01,loan modification,core_distress,26,2026-09-09 11:11:56.080316+00:00
2010-12-01,loan modification,core_distress,22,2026-09-09 11:11:56.080316+00:00
2011-01-01,loan modification,core_distress,26,2026-09-09 11:11:56.080316+00:00
2011-02-01,loan modification,core_distress,25,2026-09-09 11:11:56.080316+00:00
2011-03-01,loan modification,core_distress,23,2026-09-09 11:11:56.080316+00:00
2011-04-01,loan modification,core_distress,28,2026-09-09 11:11:56.080316+00:00
2011-05-01,loan modification,core_distress,22,2026-09-09 11:11:56.080316+00:00
2011-06-01,loan modification,core_distress,24,2026-09-09 11:11:56.080316+00:00
2011-07-01,loan modification,core_distress,24,2026-09-09 11:11:56.080316+00:00
2011-08-01,loan modification,core_distress,23,2026-09-09 11:11:56.080316+00:00
2011-09-01,loan modification,core_distress,22,2026-09-09 11:11:56.080316+00:00
2011-10-01,loan modification,core_distress,20,2026-09-09 11:11:56.080316+00:00
2011-11-01,loan modification,core_distress,18,2026-09-09 11:11:56.080316+00:00
2011-12-01,loan modification,core_distress,16,2026-09-09 11:11:56.080316+00:00
2012-01-01,loan modification,core_distress,19,2026-09-09 11:11:56.080316+00:00
2012-02-01,loan modification,core_distress,20,2026-09-09 11:11:56.080316+00:00
2012-03-01,loan modification,core_distress,20,2026-09-09 11:11:56.080316+00:00
2012-04-01,loan modification,core_distress,17,2026-09-09 11:11:56.080316+00:00
2012-05-01,loan modification,core_distress,19,2026-09-09 11:11:56.080316+00:00
2012-06-01,loan modification,core_distress,18,2026-09-09 11:11:56.080316+00:00
2012-07-01,loan modification,core_distress,20,2026-09-09 11:11:56.080316+00:00
2012-08-01,loan modification,core_distress,16,2026-09-09 11:11:56.080316+00:00
2012-09-01,loan modification,core_distress,16,2026-09-09 11:11:56.080316+00:00
2012-10-01,loan modification,core_distress,16,2026-09-09 11:11:56.080316+00:00
2012-11-01,loan modification,core_distress,14,2026-09-09 11:11:56.080316+00:00
2012-12-01,loan modification,core_distress,11,2026-09-09 11:11:56.080316+00:00
2013-01-01,loan modification,core_distress,15,2026-09-09 11:11:56.080316+00:00
2013-02-01,loan modification,core_distress,14,2026-09-09 11:11:56.080316+00:00
2013-03-01,loan modification,core_distress,13,2026-09-09 11:11:56.080316+00:00
2013-04-01,loan modification,core_distress,12,2026-09-09 11:11:56.080316+00:00
2013-05-01,loan modification,core_distress,12,2026-09-09 11:11:56.080316+00:00
2013-06-01,loan modification,core_distress,12,2026-09-09 11:11:56.080316+00:00
2013-07-01,loan modification,core_distress,12,2026-09-09 11:11:56.080316+00:00
2013-08-01,loan modification,core_distress,11,2026-09-09 11:11:56.080316+00:00
2013-09-01,loan modification,core_distress,9,2026-09-09 11:11:56.080316+00:00
2013-10-01,loan modification,core_distress,10,2026-09-09 11:11:56.080316+00:00
2013-11-01,loan modification,core_distress,8,2026-09-09 11:11:56.080316+00:00
2013-12-01,loan modification,core_distress,7,2026-09-09 11:11:56.080316+00:00
2014-01-01,loan modification,core_distress,8,2026-09-09 11:11:56.080316+00:00
2014-02-01,loan modification,core_distress,9,2026-09-09 11:11:56.080316+00:00
2014-03-01,loan modification,core_distress,8,2026-09-09 11:11:56.080316+00:00
2014-04-01,loan modification,core_distress,7,2026-09-09 11:11:56.080316+00:00
2014-05-01,loan modification,core_distress,6,2026-09-09 11:11:56.080316+00:00
2014-06-01,loan modification,core_distress,7,2026-09-09 11:11:56.080316+00:00
2014-07-01,loan modification,core_distress,7,2026-09-09 11:11:56.080316+00:00
2014-08-01,loan modification,core_distress,7,2026-09-09 11:11:56.080316+00:00
2014-09-01,loan modification,core_distress,7,2026-09-09 11:11:56.080316+00:00
2014-10-01,loan modification,core_distress,6,2026-09-09 11:11:56.080316+00:00
2014-11-01,loan modification,core_distress,5,2026-09-09 11:11:56.080316+00:00
2014-12-01,loan modification,core_distress,5,2026-09-09 11:11:56.080316+00:00
2015-01-01,loan modification,core_distress,6,2026-09-09 11:11:56.080316+00:00
2015-02-01,loan modification,core_distress,6,2026-09-09 11:11:56.080316+00:00
2015-03-01,loan modification,core_distress,6,2026-09-09 11:11:56.080316+00:00
2015-04-01,loan modification,core_distress,6,2026-09-09 11:11:56.080316+00:00
2015-05-01,loan modification,core_distress,5,2026-09-09 11:11:56.080316+00:00
2015-06-01,loan modification,core_distress,6,2026-09-09 11:11:56.080316+00:00
2015-07-01,loan modification,core_distress,6,2026-09-09 11:11:56.080316+00:00
2015-08-01,loan modification,core_distress,5,2026-09-09 11:11:56.080316+00:00
2015-09-01,loan modification,core_distress,5,2026-09-09 11:11:56.080316+00:00
2015-10-01,loan modification,core_distress,5,2026-09-09 11:11:56.080316+00:00
2015-11-01,loan modification,core_distress,4,2026-09-09 11:11:56.080316+00:00
2015-12-01,loan modification,core_distress,4,2026-09-09 11:11:56.080316+00:00
2016-01-01,loan modification,core_distress,5,2026-09-09 11:11:56.080316+00:00
2016-02-01,loan modification,core_distress,5,2026-09-09 11:11:56.080316+00:00
2016-03-01,loan modification,core_distress,5,2026-09-09 11:11:56.080316+00:00
2016-04-01,loan modification,core_distress,5,2026-09-09 11:11:56.080316+00:00
2016-05-01,loan modification,core_distress,5,2026-09-09 11:11:56.080316+00:00
2016-06-01,loan modification,core_distress,5,2026-09-09 11:11:56.080316+00:00
2016-07-01,loan modification,core_distress,5,2026-09-09 11:11:56.080316+00:00
2016-08-01,loan modification,core_distress,5,2026-09-09 11:11:56.080316+00:00
2016-09-01,loan modification,core_distress,5,2026-09-09 11:11:56.080316+00:00
2016-10-01,loan modification,core_distress,4,2026-09-09 11:11:56.080316+00:00
2016-11-01,loan modification,core_distress,4,2026-09-09 11:11:56.080316+00:00
2016-12-01,loan modification,core_distress,4,2026-09-09 11:11:56.080316+00:00
2017-01-01,loan modification,core_distress,5,2026-09-09 11:11:56.080316+00:00
2017-02-01,loan modification,core_distress,4,2026-09-09 11:11:56.080316+00:00
2017-03-01,loan modification,core_distress,5,2026-09-09 11:11:56.080316+00:00
2017-04-01,loan modification,core_distress,4,2026-09-09 11:11:56.080316+00:00
2017-05-01,loan modification,core_distress,4,2026-09-09 11:11:56.080316+00:00
2017-06-01,loan modification,core_distress,4,2026-09-09 11:11:56.080316+00:00
2017-07-01,loan modification,core_distress,4,2026-09-09 11:11:56.080316+00:00
2017-08-01,loan modification,core_distress,4,2026-09-09 11:11:56.080316+00:00
2017-09-01,loan modification,core_distress,4,2026-09-09 11:11:56.080316+00:00
2017-10-01,loan modification,core_distress,4,2026-09-09 11:11:56.080316+00:00
2017-11-01,loan modification,core_distress,3,2026-09-09 11:11:56.080316+00:00
2017-12-01,loan modification,core_distress,3,2026-09-09 11:11:56.080316+00:00
2018-01-01,loan modification,core_distress,3,2026-09-09 11:11:56.080316+00:00
2018-02-01,loan modification,core_distress,3,2026-09-09 11:11:56.080316+00:00
2018-03-01,loan modification,core_distress,4,2026-09-09 11:11:56.080316+00:00
2018-04-01,loan modification,core_distress,3,2026-09-09 11:11:56.080316+00:00
2018-05-01,loan modification,core_distress,3,2026-09-09 11:11:56.080316+00:00
2018-06-01,loan modification,core_distress,3,2026-09-09 11:11:56.080316+00:00
2018-07-01,loan modification,core_distress,3,2026-09-09 11:11:56.080316+00:00
2018-08-01,loan modification,core_distress,4,2026-09-09 11:11:56.080316+00:00
2018-09-01,loan modification,core_distress,3,2026-09-09 11:11:56.080316+00:00
2018-10-01,loan modification,core_distress,3,2026-09-09 11:11:56.080316+00:00
2018-11-01,loan modification,core_distress,3,2026-09-09 11:11:56.080316+00:00
2018-12-01,loan modification,core_distress,3,2026-09-09 11:11:56.080316+00:00
2019-01-01,loan modification,core_distress,3,2026-09-09 11:11:56.080316+00:00
2019-02-01,loan modification,core_distress,3,2026-09-09 11:11:56.080316+00:00
2019-03-01,loan modification,core_distress,3,2026-09-09 11:11:56.080316+00:00
2019-04-01,loan modification,core_distress,3,2026-09-09 11:11:56.080316+00:00
2019-05-01,loan modification,core_distress,3,2026-09-09 11:11:56.080316+00:00
2019-06-01,loan modification,core_distress,3,2026-09-09 11:11:56.080316+00:00
2019-07-01,loan modification,core_distress,3,2026-09-09 11:11:56.080316+00:00
2019-08-01,loan modification,core_distress,3,2026-09-09 11:11:56.080316+00:00
2019-09-01,loan modification,core_distress,3,2026-09-09 11:11:56.080316+00:00
2019-10-01,loan modification,core_distress,3,2026-09-09 11:11:56.080316+00:00
2019-11-01,loan modification,core_distress,3,2026-09-09 11:11:56.080316+00:00
2019-12-01,loan modification,core_distress,3,2026-09-09 11:11:56.080316+00:00
2020-01-01,loan modification,core_distress,3,2026-09-09 11:11:56.080316+00:00
2020-02-01,loan modification,core_distress,3,2026-09-09 11:11:56.080316+00:00
2020-03-01,loan modification,core_distress,4,2026-09-09 11:11:56.080316+00:00
2020-04-01,loan modification,core_distress,4,2026-09-09 11:11:56.080316+00:00
2020-05-01,loan modification,core_distress,4,2026-09-09 11:11:56.080316+00:00
2020-06-01,loan modification,core_distress,4,2026-09-09 11:11:56.080316+00:00
2020-07-01,loan modification,core_distress,4,2026-09-09 11:11:56.080316+00:00
2020-08-01,loan modification,core_distress,3,2026-09-09 11:11:56.080316+00:00
2020-09-01,loan modification,core_distress,4,2026-09-09 11:11:56.080316+00:00
2020-10-01,loan modification,core_distress,3,2026-09-09 11:11:56.080316+00:00
2020-11-01,loan modification,core_distress,3,2026-09-09 11:11:56.080316+00:00
2020-12-01,loan modification,core_distress,3,2026-09-09 11:11:56.080316+00:00
2021-01-01,loan modification,core_distress,3,2026-09-09 11:11:56.080316+00:00
2021-02-01,loan modification,core_distress,3,2026-09-09 11:11:56.080316+00:00
2021-03-01,loan modification,core_distress,3,2026-09-09 11:11:56.080316+00:00
2021-04-01,loan modification,core_distress,4,2026-09-09 11:11:56.080316+00:00
2021-05-01,loan modification,core_distress,7,2026-09-09 11:11:56.080316+00:00
2021-06-01,loan modification,core_distress,6,2026-09-09 11:11:56.080316+00:00
2021-07-01,loan modification,core_distress,6,2026-09-09 11:11:56.080316+00:00
2021-08-01,loan modification,core_distress,4,2026-09-09 11:11:56.080316+00:00
2021-09-01,loan modification,core_distress,5,2026-09-09 11:11:56.080316+00:00
2021-10-01,loan modification,core_distress,4,2026-09-09 11:11:56.080316+00:00
2021-11-01,loan modification,core_distress,4,2026-09-09 11:11:56.080316+00:00
2021-12-01,loan modification,core_distress,3,2026-09-09 11:11:56.080316+00:00
2022-01-01,loan modification,core_distress,3,2026-09-09 11:11:56.080316+00:00
2022-02-01,loan modification,core_distress,3,2026-09-09 11:11:56.080316+00:00
2022-03-01,loan modification,core_distress,4,2026-09-09 11:11:56.080316+00:00
2022-04-01,loan modification,core_distress,4,2026-09-09 11:11:56.080316+00:00
2022-05-01,loan modification,core_distress,3,2026-09-09 11:11:56.080316+00:00
2022-06-01,loan modification,core_distress,2,2026-09-09 11:11:56.080316+00:00
2022-07-01,loan modification,core_distress,2,2026-09-09 11:11:56.080316+00:00
2022-08-01,loan modification,core_distress,2,2026-09-09 11:11:56.080316+00:00
2022-09-01,loan modification,core_distress,2,2026-09-09 11:11:56.080316+00:00
2022-10-01,loan modification,core_distress,2,2026-09-09 11:11:56.080316+00:00
2022-11-01,loan modification,core_distress,2,2026-09-09 11:11:56.080316+00:00
2022-12-01,loan modification,core_distress,2,2026-09-09 11:11:56.080316+00:00
2023-01-01,loan modification,core_distress,2,2026-09-09 11:11:56.080316+00:00
2023-02-01,loan modification,core_distress,2,2026-09-09 11:11:56.080316+00:00
2023-03-01,loan modification,core_distress,2,2026-09-09 11:11:56.080316+00:00
2023-04-01,loan modification,core_distress,2,2026-09-09 11:11:56.080316+00:00
2023-05-01,loan modification,core_distress,2,2026-09-09 11:11:56.080316+00:00
2023-06-01,loan modification,core_distress,2,2026-09-09 11:11:56.080316+00:00
2023-07-01,loan modification,core_distress,2,2026-09-09 11:11:56.080316+00:00
2023-08-01,loan modification,core_distress,2,2026-09-09 11:11:56.080316+00:00
2023-09-01,loan modification,core_distress,2,2026-09-09 11:11:56.080316+00:00
2023-10-01,loan modification,core_distress,2,2026-09-09 11:11:56.080316+00:00
2023-11-01,loan modification,core_distress,2,2026-09-09 11:11:56.080316+00:00
2023-12-01,loan modification,core_distress,2,2026-09-09 11:11:56.080316+00:00
2024-01-01,loan modification,core_distress,2,2026-09-09 11:11:56.080316+00:00
2024-02-01,loan modification,core_distress,2,2026-09-09 11:11:56.080316+00:00
2024-03-01,loan modification,core_distress,2,2026-09-09 11:11:56.080316+00:00
2024-04-01,loan modification,core_distress,2,2026-09-09 11:11:56.080316+00:00
2024-05-01,loan modification,core_distress,2,2026-09-09 11:11:56.080316+00:00
2024-06-01,loan modification,core_distress,2,2026-09-09 11:11:56.080316+00:00
2024-07-01,loan modification,core_distress,2,2026-09-09 11:11:56.080316+00:00
2024-08-01,loan modification,core_distress,2,2026-09-09 11:11:56.080316+00:00
2024-09-01,loan modification,core_distress,2,2026-09-09 11:11:56.080316+00:00
2024-10-01,loan modification,core_distress,2,2026-09-09 11:11:56.080316+00:00
2024-11-01,loan modification,core_distress,2,2026-09-09 11:11:56.080316+00:00
2024-12-01,loan modification,core_distress,2,2026-09-09 11:11:56.080316+00:00
2025-01-01,loan modification,core_distress,2,2026-09-09 11:11:56.080316+00:00
2025-02-01,loan modification,core_distress,2,2026-09-09 11:11:56.080316+00:00
2025-03-01,loan modification,core_distress,2,2026-09-09 11:11:56.080316+00:00
2025-04-01,loan modification,core_distress,2,2026-09-09 11:11:56.080316+00:00
2025-05-01,loan modification,core_distress,2,2026-09-09 11:11:56.080316+00:00
2025-06-01,loan modification,core_distress,2,2026-09-09 11:11:56.080316+00:00
2025-07-01,loan modification,core_distress,3,2026-09-09 11:11:56.080316+00:00
2025-08-01,loan modification,core_distress,3,2026-09-09 11:11:56.080316+00:00
2025-09-01,loan modification,core_distress,3,2026-09-09 11:11:56.080316+00:00
2025-10-01,loan modification,core_distress,3,2026-09-09 11:11:56.080316+00:00
2025-11-01,loan modification,core_distress,3,2026-09-09 11:11:56.080316+00:00
2025-12-01,loan modification,core_distress,3,2026-09-09 11:11:56.080316+00:00
2026-01-01,loan modification,core_distress,3,2026-09-09 11:11:56.080316+00:00
2026-02-01,loan modification,core_distress,4,2026-09-09 11:11:56.080316+00:00
2026-03-01,loan modification,core_distress,4,2026-09-09 11:11:56.080316+00:00
2026-04-01,loan modification,core_distress,4,2026-09-09 11:11:56.080316+00:00
2026-05-01,loan modification,core_distress,4,2026-09-09 11:11:56.080316+00:00
2026-06-01,loan modification,core_distress,4,2026-09-09 11:11:56.080316+00:00
2026-07-01,loan modification,core_distress,4,2026-09-09 11:11:56.080316+00:00
2026-08-01,loan modification,core_distress,3,2026-09-09 11:11:56.080316+00:00
2004-01-01,stop foreclosure,core_distress,49,2026-09-09 11:11:56.080316+00:00
2004-02-01,stop foreclosure,core_distress,29,2026-09-09 11:11:56.080316+00:00
2004-03-01,stop foreclosure,core_distress,37,2026-09-09 11:11:56.080316+00:00
2004-04-01,stop foreclosure,core_distress,0,2026-09-09 11:11:56.080316+00:00
2004-05-01,stop foreclosure,core_distress,33,2026-09-09 11:11:56.080316+00:00
2004-06-01,stop foreclosure,core_distress,27,2026-09-09 11:11:56.080316+00:00
2004-07-01,stop foreclosure,core_distress,50,2026-09-09 11:11:56.080316+00:00
2004-08-01,stop foreclosure,core_distress,44,2026-09-09 11:11:56.080316+00:00
2004-09-01,stop foreclosure,core_distress,44,2026-09-09 11:11:56.080316+00:00
2004-10-01,stop foreclosure,core_distress,45,2026-09-09 11:11:56.080316+00:00
2004-11-01,stop foreclosure,core_distress,38,2026-09-09 11:11:56.080316+00:00
2004-12-01,stop foreclosure,core_distress,48,2026-09-09 11:11:56.080316+00:00
2005-01-01,stop foreclosure,core_distress,49,2026-09-09 11:11:56.080316+00:00
2005-02-01,stop foreclosure,core_distress,33,2026-09-09 11:11:56.080316+00:00
2005-03-01,stop foreclosure,core_distress,25,2026-09-09 11:11:56.080316+00:00
2005-04-01,stop foreclosure,core_distress,27,2026-09-09 11:11:56.080316+00:00
2005-05-01,stop foreclosure,core_distress,38,2026-09-09 11:11:56.080316+00:00
2005-06-01,stop foreclosure,core_distress,33,2026-09-09 11:11:56.080316+00:00
2005-07-01,stop foreclosure,core_distress,53,2026-09-09 11:11:56.080316+00:00
2005-08-01,stop foreclosure,core_distress,43,2026-09-09 11:11:56.080316+00:00
2005-09-01,stop foreclosure,core_distress,35,2026-09-09 11:11:56.080316+00:00
2005-10-01,stop foreclosure,core_distress,48,2026-09-09 11:11:56.080316+00:00
2005-11-01,stop foreclosure,core_distress,35,2026-09-09 11:11:56.080316+00:00
2005-12-01,stop foreclosure,core_distress,44,2026-09-09 11:11:56.080316+00:00
2006-01-01,stop foreclosure,core_distress,45,2026-09-09 11:11:56.080316+00:00
2006-02-01,stop foreclosure,core_distress,47,2026-09-09 11:11:56.080316+00:00
2006-03-01,stop foreclosure,core_distress,36,2026-09-09 11:11:56.080316+00:00
2006-04-01,stop foreclosure,core_distress,34,2026-09-09 11:11:56.080316+00:00
2006-05-01,stop foreclosure,core_distress,46,2026-09-09 11:11:56.080316+00:00
2006-06-01,stop foreclosure,core_distress,43,2026-09-09 11:11:56.080316+00:00
2006-07-01,stop foreclosure,core_distress,33,2026-09-09 11:11:56.080316+00:00
2006-08-01,stop foreclosure,core_distress,69,2026-09-09 11:11:56.080316+00:00
2006-09-01,stop foreclosure,core_distress,62,2026-09-09 11:11:56.080316+00:00
2006-10-01,stop foreclosure,core_distress,55,2026-09-09 11:11:56.080316+00:00
2006-11-01,stop foreclosure,core_distress,54,2026-09-09 11:11:56.080316+00:00
2006-12-01,stop foreclosure,core_distress,57,2026-09-09 11:11:56.080316+00:00
2007-01-01,stop foreclosure,core_distress,65,2026-09-09 11:11:56.080316+00:00
2007-02-01,stop foreclosure,core_distress,55,2026-09-09 11:11:56.080316+00:00
2007-03-01,stop foreclosure,core_distress,58,2026-09-09 11:11:56.080316+00:00
2007-04-01,stop foreclosure,core_distress,61,2026-09-09 11:11:56.080316+00:00
2007-05-01,stop foreclosure,core_distress,78,2026-09-09 11:11:56.080316+00:00
2007-06-01,stop foreclosure,core_distress,67,2026-09-09 11:11:56.080316+00:00
2007-07-01,stop foreclosure,core_distress,66,2026-09-09 11:11:56.080316+00:00
2007-08-01,stop foreclosure,core_distress,77,2026-09-09 11:11:56.080316+00:00
2007-09-01,stop foreclosure,core_distress,77,2026-09-09 11:11:56.080316+00:00
2007-10-01,stop foreclosure,core_distress,70,2026-09-09 11:11:56.080316+00:00
2007-11-01,stop foreclosure,core_distress,55,2026-09-09 11:11:56.080316+00:00
2007-12-01,stop foreclosure,core_distress,63,2026-09-09 11:11:56.080316+00:00
2008-01-01,stop foreclosure,core_distress,83,2026-09-09 11:11:56.080316+00:00
2008-02-01,stop foreclosure,core_distress,69,2026-09-09 11:11:56.080316+00:00
2008-03-01,stop foreclosure,core_distress,77,2026-09-09 11:11:56.080316+00:00
2008-04-01,stop foreclosure,core_distress,65,2026-09-09 11:11:56.080316+00:00
2008-05-01,stop foreclosure,core_distress,67,2026-09-09 11:11:56.080316+00:00
2008-06-01,stop foreclosure,core_distress,68,2026-09-09 11:11:56.080316+00:00
2008-07-01,stop foreclosure,core_distress,85,2026-09-09 11:11:56.080316+00:00
2008-08-01,stop foreclosure,core_distress,72,2026-09-09 11:11:56.080316+00:00
2008-09-01,stop foreclosure,core_distress,74,2026-09-09 11:11:56.080316+00:00
2008-10-01,stop foreclosure,core_distress,86,2026-09-09 11:11:56.080316+00:00
2008-11-01,stop foreclosure,core_distress,61,2026-09-09 11:11:56.080316+00:00
2008-12-01,stop foreclosure,core_distress,67,2026-09-09 11:11:56.080316+00:00
2009-01-01,stop foreclosure,core_distress,77,2026-09-09 11:11:56.080316+00:00
2009-02-01,stop foreclosure,core_distress,94,2026-09-09 11:11:56.080316+00:00
2009-03-01,stop foreclosure,core_distress,71,2026-09-09 11:11:56.080316+00:00
2009-04-01,stop foreclosure,core_distress,70,2026-09-09 11:11:56.080316+00:00
2009-05-01,stop foreclosure,core_distress,70,2026-09-09 11:11:56.080316+00:00
2009-06-01,stop foreclosure,core_distress,65,2026-09-09 11:11:56.080316+00:00
2009-07-01,stop foreclosure,core_distress,74,2026-09-09 11:11:56.080316+00:00
2009-08-01,stop foreclosure,core_distress,67,2026-09-09 11:11:56.080316+00:00
2009-09-01,stop foreclosure,core_distress,69,2026-09-09 11:11:56.080316+00:00
2009-10-01,stop foreclosure,core_distress,69,2026-09-09 11:11:56.080316+00:00
2009-11-01,stop foreclosure,core_distress,69,2026-09-09 11:11:56.080316+00:00
2009-12-01,stop foreclosure,core_distress,61,2026-09-09 11:11:56.080316+00:00
2010-01-01,stop foreclosure,core_distress,66,2026-09-09 11:11:56.080316+00:00
2010-02-01,stop foreclosure,core_distress,60,2026-09-09 11:11:56.080316+00:00
2010-03-01,stop foreclosure,core_distress,69,2026-09-09 11:11:56.080316+00:00
2010-04-01,stop foreclosure,core_distress,56,2026-09-09 11:11:56.080316+00:00
2010-05-01,stop foreclosure,core_distress,59,2026-09-09 11:11:56.080316+00:00
2010-06-01,stop foreclosure,core_distress,64,2026-09-09 11:11:56.080316+00:00
2010-07-01,stop foreclosure,core_distress,55,2026-09-09 11:11:56.080316+00:00
2010-08-01,stop foreclosure,core_distress,63,2026-09-09 11:11:56.080316+00:00
2010-09-01,stop foreclosure,core_distress,57,2026-09-09 11:11:56.080316+00:00
2010-10-01,stop foreclosure,core_distress,100,2026-09-09 11:11:56.080316+00:00
2010-11-01,stop foreclosure,core_distress,54,2026-09-09 11:11:56.080316+00:00
2010-12-01,stop foreclosure,core_distress,59,2026-09-09 11:11:56.080316+00:00
2011-01-01,stop foreclosure,core_distress,65,2026-09-09 11:11:56.080316+00:00
2011-02-01,stop foreclosure,core_distress,66,2026-09-09 11:11:56.080316+00:00
2011-03-01,stop foreclosure,core_distress,57,2026-09-09 11:11:56.080316+00:00
2011-04-01,stop foreclosure,core_distress,59,2026-09-09 11:11:56.080316+00:00
2011-05-01,stop foreclosure,core_distress,56,2026-09-09 11:11:56.080316+00:00
2011-06-01,stop foreclosure,core_distress,62,2026-09-09 11:11:56.080316+00:00
2011-07-01,stop foreclosure,core_distress,61,2026-09-09 11:11:56.080316+00:00
2011-08-01,stop foreclosure,core_distress,60,2026-09-09 11:11:56.080316+00:00
2011-09-01,stop foreclosure,core_distress,54,2026-09-09 11:11:56.080316+00:00
2011-10-01,stop foreclosure,core_distress,56,2026-09-09 11:11:56.080316+00:00
2011-11-01,stop foreclosure,core_distress,51,2026-09-09 11:11:56.080316+00:00
2011-12-01,stop foreclosure,core_distress,48,2026-09-09 11:11:56.080316+00:00
2012-01-01,stop foreclosure,core_distress,59,2026-09-09 11:11:56.080316+00:00
2012-02-01,stop foreclosure,core_distress,50,2026-09-09 11:11:56.080316+00:00
2012-03-01,stop foreclosure,core_distress,49,2026-09-09 11:11:56.080316+00:00
2012-04-01,stop foreclosure,core_distress,44,2026-09-09 11:11:56.080316+00:00
2012-05-01,stop foreclosure,core_distress,47,2026-09-09 11:11:56.080316+00:00
2012-06-01,stop foreclosure,core_distress,46,2026-09-09 11:11:56.080316+00:00
2012-07-01,stop foreclosure,core_distress,52,2026-09-09 11:11:56.080316+00:00
2012-08-01,stop foreclosure,core_distress,49,2026-09-09 11:11:56.080316+00:00
2012-09-01,stop foreclosure,core_distress,45,2026-09-09 11:11:56.080316+00:00
2012-10-01,stop foreclosure,core_distress,43,2026-09-09 11:11:56.080316+00:00
2012-11-01,stop foreclosure,core_distress,41,2026-09-09 11:11:56.080316+00:00
2012-12-01,stop foreclosure,core_distress,34,2026-09-09 11:11:56.080316+00:00
2013-01-01,stop foreclosure,core_distress,42,2026-09-09 11:11:56.080316+00:00
2013-02-01,stop foreclosure,core_distress,35,2026-09-09 11:11:56.080316+00:00
2013-03-01,stop foreclosure,core_distress,37,2026-09-09 11:11:56.080316+00:00
2013-04-01,stop foreclosure,core_distress,38,2026-09-09 11:11:56.080316+00:00
2013-05-01,stop foreclosure,core_distress,40,2026-09-09 11:11:56.080316+00:00
2013-06-01,stop foreclosure,core_distress,32,2026-09-09 11:11:56.080316+00:00
2013-07-01,stop foreclosure,core_distress,34,2026-09-09 11:11:56.080316+00:00
2013-08-01,stop foreclosure,core_distress,35,2026-09-09 11:11:56.080316+00:00
2013-09-01,stop foreclosure,core_distress,30,2026-09-09 11:11:56.080316+00:00
2013-10-01,stop foreclosure,core_distress,31,2026-09-09 11:11:56.080316+00:00
2013-11-01,stop foreclosure,core_distress,28,2026-09-09 11:11:56.080316+00:00
2013-12-01,stop foreclosure,core_distress,27,2026-09-09 11:11:56.080316+00:00
2014-01-01,stop foreclosure,core_distress,29,2026-09-09 11:11:56.080316+00:00
2014-02-01,stop foreclosure,core_distress,30,2026-09-09 11:11:56.080316+00:00
2014-03-01,stop foreclosure,core_distress,27,2026-09-09 11:11:56.080316+00:00
2014-04-01,stop foreclosure,core_distress,31,2026-09-09 11:11:56.080316+00:00
2014-05-01,stop foreclosure,core_distress,23,2026-09-09 11:11:56.080316+00:00
2014-06-01,stop foreclosure,core_distress,26,2026-09-09 11:11:56.080316+00:00
2014-07-01,stop foreclosure,core_distress,32,2026-09-09 11:11:56.080316+00:00
2014-08-01,stop foreclosure,core_distress,28,2026-09-09 11:11:56.080316+00:00
2014-09-01,stop foreclosure,core_distress,25,2026-09-09 11:11:56.080316+00:00
2014-10-01,stop foreclosure,core_distress,23,2026-09-09 11:11:56.080316+00:00
2014-11-01,stop foreclosure,core_distress,23,2026-09-09 11:11:56.080316+00:00
2014-12-01,stop foreclosure,core_distress,25,2026-09-09 11:11:56.080316+00:00
2015-01-01,stop foreclosure,core_distress,25,2026-09-09 11:11:56.080316+00:00
2015-02-01,stop foreclosure,core_distress,22,2026-09-09 11:11:56.080316+00:00
2015-03-01,stop foreclosure,core_distress,23,2026-09-09 11:11:56.080316+00:00
2015-04-01,stop foreclosure,core_distress,22,2026-09-09 11:11:56.080316+00:00
2015-05-01,stop foreclosure,core_distress,23,2026-09-09 11:11:56.080316+00:00
2015-06-01,stop foreclosure,core_distress,22,2026-09-09 11:11:56.080316+00:00
2015-07-01,stop foreclosure,core_distress,24,2026-09-09 11:11:56.080316+00:00
2015-08-01,stop foreclosure,core_distress,24,2026-09-09 11:11:56.080316+00:00
2015-09-01,stop foreclosure,core_distress,20,2026-09-09 11:11:56.080316+00:00
2015-10-01,stop foreclosure,core_distress,22,2026-09-09 11:11:56.080316+00:00
2015-11-01,stop foreclosure,core_distress,24,2026-09-09 11:11:56.080316+00:00
2015-12-01,stop foreclosure,core_distress,18,2026-09-09 11:11:56.080316+00:00
2016-01-01,stop foreclosure,core_distress,27,2026-09-09 11:11:56.080316+00:00
2016-02-01,stop foreclosure,core_distress,26,2026-09-09 11:11:56.080316+00:00
2016-03-01,stop foreclosure,core_distress,27,2026-09-09 11:11:56.080316+00:00
2016-04-01,stop foreclosure,core_distress,28,2026-09-09 11:11:56.080316+00:00
2016-05-01,stop foreclosure,core_distress,26,2026-09-09 11:11:56.080316+00:00
2016-06-01,stop foreclosure,core_distress,24,2026-09-09 11:11:56.080316+00:00
2016-07-01,stop foreclosure,core_distress,28,2026-09-09 11:11:56.080316+00:00
2016-08-01,stop foreclosure,core_distress,24,2026-09-09 11:11:56.080316+00:00
2016-09-01,stop foreclosure,core_distress,25,2026-09-09 11:11:56.080316+00:00
2016-10-01,stop foreclosure,core_distress,24,2026-09-09 11:11:56.080316+00:00
2016-11-01,stop foreclosure,core_distress,20,2026-09-09 11:11:56.080316+00:00
2016-12-01,stop foreclosure,core_distress,22,2026-09-09 11:11:56.080316+00:00
2017-01-01,stop foreclosure,core_distress,26,2026-09-09 11:11:56.080316+00:00
2017-02-01,stop foreclosure,core_distress,24,2026-09-09 11:11:56.080316+00:00
2017-03-01,stop foreclosure,core_distress,26,2026-09-09 11:11:56.080316+00:00
2017-04-01,stop foreclosure,core_distress,27,2026-09-09 11:11:56.080316+00:00
2017-05-01,stop foreclosure,core_distress,26,2026-09-09 11:11:56.080316+00:00
2017-06-01,stop foreclosure,core_distress,29,2026-09-09 11:11:56.080316+00:00
2017-07-01,stop foreclosure,core_distress,29,2026-09-09 11:11:56.080316+00:00
2017-08-01,stop foreclosure,core_distress,25,2026-09-09 11:11:56.080316+00:00
2017-09-01,stop foreclosure,core_distress,25,2026-09-09 11:11:56.080316+00:00
2017-10-01,stop foreclosure,core_distress,26,2026-09-09 11:11:56.080316+00:00
2017-11-01,stop foreclosure,core_distress,23,2026-09-09 11:11:56.080316+00:00
2017-12-01,stop foreclosure,core_distress,20,2026-09-09 11:11:56.080316+00:00
2018-01-01,stop foreclosure,core_distress,24,2026-09-09 11:11:56.080316+00:00
2018-02-01,stop foreclosure,core_distress,23,2026-09-09 11:11:56.080316+00:00
2018-03-01,stop foreclosure,core_distress,23,2026-09-09 11:11:56.080316+00:00
2018-04-01,stop foreclosure,core_distress,21,2026-09-09 11:11:56.080316+00:00
2018-05-01,stop foreclosure,core_distress,22,2026-09-09 11:11:56.080316+00:00
2018-06-01,stop foreclosure,core_distress,21,2026-09-09 11:11:56.080316+00:00
2018-07-01,stop foreclosure,core_distress,22,2026-09-09 11:11:56.080316+00:00
2018-08-01,stop foreclosure,core_distress,24,2026-09-09 11:11:56.080316+00:00
2018-09-01,stop foreclosure,core_distress,22,2026-09-09 11:11:56.080316+00:00
2018-10-01,stop foreclosure,core_distress,21,2026-09-09 11:11:56.080316+00:00
2018-11-01,stop foreclosure,core_distress,21,2026-09-09 11:11:56.080316+00:00
2018-12-01,stop foreclosure,core_distress,22,2026-09-09 11:11:56.080316+00:00
2019-01-01,stop foreclosure,core_distress,24,2026-09-09 11:11:56.080316+00:00
2019-02-01,stop foreclosure,core_distress,21,2026-09-09 11:11:56.080316+00:00
2019-03-01,stop foreclosure,core_distress,23,2026-09-09 11:11:56.080316+00:00
2019-04-01,stop foreclosure,core_distress,22,2026-09-09 11:11:56.080316+00:00
2019-05-01,stop foreclosure,core_distress,21,2026-09-09 11:11:56.080316+00:00
2019-06-01,stop foreclosure,core_distress,21,2026-09-09 11:11:56.080316+00:00
2019-07-01,stop foreclosure,core_distress,22,2026-09-09 11:11:56.080316+00:00
2019-08-01,stop foreclosure,core_distress,23,2026-09-09 11:11:56.080316+00:00
2019-09-01,stop foreclosure,core_distress,23,2026-09-09 11:11:56.080316+00:00
2019-10-01,stop foreclosure,core_distress,22,2026-09-09 11:11:56.080316+00:00
2019-11-01,stop foreclosure,core_distress,20,2026-09-09 11:11:56.080316+00:00
2019-12-01,stop foreclosure,core_distress,23,2026-09-09 11:11:56.080316+00:00
2020-01-01,stop foreclosure,core_distress,26,2026-09-09 11:11:56.080316+00:00
2020-02-01,stop foreclosure,core_distress,24,2026-09-09 11:11:56.080316+00:00
2020-03-01,stop foreclosure,core_distress,22,2026-09-09 11:11:56.080316+00:00
2020-04-01,stop foreclosure,core_distress,12,2026-09-09 11:11:56.080316+00:00
2020-05-01,stop foreclosure,core_distress,11,2026-09-09 11:11:56.080316+00:00
2020-06-01,stop foreclosure,core_distress,11,2026-09-09 11:11:56.080316+00:00
2020-07-01,stop foreclosure,core_distress,13,2026-09-09 11:11:56.080316+00:00
2020-08-01,stop foreclosure,core_distress,11,2026-09-09 11:11:56.080316+00:00
2020-09-01,stop foreclosure,core_distress,10,2026-09-09 11:11:56.080316+00:00
2020-10-01,stop foreclosure,core_distress,8,2026-09-09 11:11:56.080316+00:00
2020-11-01,stop foreclosure,core_distress,10,2026-09-09 11:11:56.080316+00:00
2020-12-01,stop foreclosure,core_distress,11,2026-09-09 11:11:56.080316+00:00
2021-01-01,stop foreclosure,core_distress,10,2026-09-09 11:11:56.080316+00:00
2021-02-01,stop foreclosure,core_distress,13,2026-09-09 11:11:56.080316+00:00
2021-03-01,stop foreclosure,core_distress,9,2026-09-09 11:11:56.080316+00:00
2021-04-01,stop foreclosure,core_distress,12,2026-09-09 11:11:56.080316+00:00
2021-05-01,stop foreclosure,core_distress,12,2026-09-09 11:11:56.080316+00:00
2021-06-01,stop foreclosure,core_distress,13,2026-09-09 11:11:56.080316+00:00
2021-07-01,stop foreclosure,core_distress,10,2026-09-09 11:11:56.080316+00:00
2021-08-01,stop foreclosure,core_distress,12,2026-09-09 11:11:56.080316+00:00
2021-09-01,stop foreclosure,core_distress,12,2026-09-09 11:11:56.080316+00:00
2021-10-01,stop foreclosure,core_distress,13,2026-09-09 11:11:56.080316+00:00
2021-11-01,stop foreclosure,core_distress,13,2026-09-09 11:11:56.080316+00:00
2021-12-01,stop foreclosure,core_distress,12,2026-09-09 11:11:56.080316+00:00
2022-01-01,stop foreclosure,core_distress,12,2026-09-09 11:11:56.080316+00:00
2022-02-01,stop foreclosure,core_distress,14,2026-09-09 11:11:56.080316+00:00
2022-03-01,stop foreclosure,core_distress,18,2026-09-09 11:11:56.080316+00:00
2022-04-01,stop foreclosure,core_distress,15,2026-09-09 11:11:56.080316+00:00
2022-05-01,stop foreclosure,core_distress,16,2026-09-09 11:11:56.080316+00:00
2022-06-01,stop foreclosure,core_distress,18,2026-09-09 11:11:56.080316+00:00
2022-07-01,stop foreclosure,core_distress,18,2026-09-09 11:11:56.080316+00:00
2022-08-01,stop foreclosure,core_distress,20,2026-09-09 11:11:56.080316+00:00
2022-09-01,stop foreclosure,core_distress,19,2026-09-09 11:11:56.080316+00:00
2022-10-01,stop foreclosure,core_distress,19,2026-09-09 11:11:56.080316+00:00
2022-11-01,stop foreclosure,core_distress,17,2026-09-09 11:11:56.080316+00:00
2022-12-01,stop foreclosure,core_distress,19,2026-09-09 11:11:56.080316+00:00
2023-01-01,stop foreclosure,core_distress,21,2026-09-09 11:11:56.080316+00:00
2023-02-01,stop foreclosure,core_distress,21,2026-09-09 11:11:56.080316+00:00
2023-03-01,stop foreclosure,core_distress,20,2026-09-09 11:11:56.080316+00:00
2023-04-01,stop foreclosure,core_distress,17,2026-09-09 11:11:56.080316+00:00
2023-05-01,stop foreclosure,core_distress,20,2026-09-09 11:11:56.080316+00:00
2023-06-01,stop foreclosure,core_distress,20,2026-09-09 11:11:56.080316+00:00
2023-07-01,stop foreclosure,core_distress,21,2026-09-09 11:11:56.080316+00:00
2023-08-01,stop foreclosure,core_distress,22,2026-09-09 11:11:56.080316+00:00
2023-09-01,stop foreclosure,core_distress,20,2026-09-09 11:11:56.080316+00:00
2023-10-01,stop foreclosure,core_distress,19,2026-09-09 11:11:56.080316+00:00
2023-11-01,stop foreclosure,core_distress,20,2026-09-09 11:11:56.080316+00:00
2023-12-01,stop foreclosure,core_distress,17,2026-09-09 11:11:56.080316+00:00
2024-01-01,stop foreclosure,core_distress,22,2026-09-09 11:11:56.080316+00:00
2024-02-01,stop foreclosure,core_distress,21,2026-09-09 11:11:56.080316+00:00
2024-03-01,stop foreclosure,core_distress,20,2026-09-09 11:11:56.080316+00:00
2024-04-01,stop foreclosure,core_distress,18,2026-09-09 11:11:56.080316+00:00
2024-05-01,stop foreclosure,core_distress,21,2026-09-09 11:11:56.080316+00:00
2024-06-01,stop foreclosure,core_distress,21,2026-09-09 11:11:56.080316+00:00
2024-07-01,stop foreclosure,core_distress,19,2026-09-09 11:11:56.080316+00:00
2024-08-01,stop foreclosure,core_distress,19,2026-09-09 11:11:56.080316+00:00
2024-09-01,stop foreclosure,core_distress,16,2026-09-09 11:11:56.080316+00:00
2024-10-01,stop foreclosure,core_distress,18,2026-09-09 11:11:56.080316+00:00
2024-11-01,stop foreclosure,core_distress,19,2026-09-09 11:11:56.080316+00:00
2024-12-01,stop foreclosure,core_distress,18,2026-09-09 11:11:56.080316+00:00
2025-01-01,stop foreclosure,core_distress,21,2026-09-09 11:11:56.080316+00:00
2025-02-01,stop foreclosure,core_distress,20,2026-09-09 11:11:56.080316+00:00
2025-03-01,stop foreclosure,core_distress,22,2026-09-09 11:11:56.080316+00:00
2025-04-01,stop foreclosure,core_distress,23,2026-09-09 11:11:56.080316+00:00
2025-05-01,stop foreclosure,core_distress,26,2026-09-09 11:11:56.080316+00:00
2025-06-01,stop foreclosure,core_distress,24,2026-09-09 11:11:56.080316+00:00
2025-07-01,stop foreclosure,core_distress,25,2026-09-09 11:11:56.080316+00:00
2025-08-01,stop foreclosure,core_distress,25,2026-09-09 11:11:56.080316+00:00
2025-09-01,stop foreclosure,core_distress,21,2026-09-09 11:11:56.080316+00:00
2025-10-01,stop foreclosure,core_distress,23,2026-09-09 11:11:56.080316+00:00
2025-11-01,stop foreclosure,core_distress,24,2026-09-09 11:11:56.080316+00:00
2025-12-01,stop foreclosure,core_distress,28,2026-09-09 11:11:56.080316+00:00
2026-01-01,stop foreclosure,core_distress,27,2026-09-09 11:11:56.080316+00:00
2026-02-01,stop foreclosure,core_distress,34,2026-09-09 11:11:56.080316+00:00
2026-03-01,stop foreclosure,core_distress,35,2026-09-09 11:11:56.080316+00:00
2026-04-01,stop foreclosure,core_distress,40,2026-09-09 11:11:56.080316+00:00
2026-05-01,stop foreclosure,core_distress,38,2026-09-09 11:11:56.080316+00:00
2026-06-01,stop foreclosure,core_distress,41,2026-09-09 11:11:56.080316+00:00
2026-07-01,stop foreclosure,core_distress,42,2026-09-09 11:11:56.080316+00:00
2026-08-01,stop foreclosure,core_distress,36,2026-09-09 11:11:56.080316+00:00
2004-01-01,avoid foreclosure,core_distress,76,2026-09-09 11:11:56.080316+00:00
2004-02-01,avoid foreclosure,core_distress,0,2026-09-09 11:11:56.080316+00:00
2004-03-01,avoid foreclosure,core_distress,0,2026-09-09 11:11:56.080316+00:00
2004-04-01,avoid foreclosure,core_distress,0,2026-09-09 11:11:56.080316+00:00
2004-05-01,avoid foreclosure,core_distress,0,2026-09-09 11:11:56.080316+00:00
2004-06-01,avoid foreclosure,core_distress,0,2026-09-09 11:11:56.080316+00:00
2004-07-01,avoid foreclosure,core_distress,0,2026-09-09 11:11:56.080316+00:00
2004-08-01,avoid foreclosure,core_distress,0,2026-09-09 11:11:56.080316+00:00
2004-09-01,avoid foreclosure,core_distress,0,2026-09-09 11:11:56.080316+00:00
2004-10-01,avoid foreclosure,core_distress,0,2026-09-09 11:11:56.080316+00:00
2004-11-01,avoid foreclosure,core_distress,0,2026-09-09 11:11:56.080316+00:00
2004-12-01,avoid foreclosure,core_distress,0,2026-09-09 11:11:56.080316+00:00
2005-01-01,avoid foreclosure,core_distress,42,2026-09-09 11:11:56.080316+00:00
2005-02-01,avoid foreclosure,core_distress,0,2026-09-09 11:11:56.080316+00:00
2005-03-01,avoid foreclosure,core_distress,0,2026-09-09 11:11:56.080316+00:00
2005-04-01,avoid foreclosure,core_distress,0,2026-09-09 11:11:56.080316+00:00
2005-05-01,avoid foreclosure,core_distress,0,2026-09-09 11:11:56.080316+00:00
2005-06-01,avoid foreclosure,core_distress,0,2026-09-09 11:11:56.080316+00:00
2005-07-01,avoid foreclosure,core_distress,0,2026-09-09 11:11:56.080316+00:00
2005-08-01,avoid foreclosure,core_distress,0,2026-09-09 11:11:56.080316+00:00
2005-09-01,avoid foreclosure,core_distress,0,2026-09-09 11:11:56.080316+00:00
2005-10-01,avoid foreclosure,core_distress,44,2026-09-09 11:11:56.080316+00:00
2005-11-01,avoid foreclosure,core_distress,0,2026-09-09 11:11:56.080316+00:00
2005-12-01,avoid foreclosure,core_distress,0,2026-09-09 11:11:56.080316+00:00
2006-01-01,avoid foreclosure,core_distress,36,2026-09-09 11:11:56.080316+00:00
2006-02-01,avoid foreclosure,core_distress,0,2026-09-09 11:11:56.080316+00:00
2006-03-01,avoid foreclosure,core_distress,29,2026-09-09 11:11:56.080316+00:00
2006-04-01,avoid foreclosure,core_distress,36,2026-09-09 11:11:56.080316+00:00
2006-05-01,avoid foreclosure,core_distress,32,2026-09-09 11:11:56.080316+00:00
2006-06-01,avoid foreclosure,core_distress,28,2026-09-09 11:11:56.080316+00:00
2006-07-01,avoid foreclosure,core_distress,41,2026-09-09 11:11:56.080316+00:00
2006-08-01,avoid foreclosure,core_distress,37,2026-09-09 11:11:56.080316+00:00
2006-09-01,avoid foreclosure,core_distress,46,2026-09-09 11:11:56.080316+00:00
2006-10-01,avoid foreclosure,core_distress,29,2026-09-09 11:11:56.080316+00:00
2006-11-01,avoid foreclosure,core_distress,31,2026-09-09 11:11:56.080316+00:00
2006-12-01,avoid foreclosure,core_distress,26,2026-09-09 11:11:56.080316+00:00
2007-01-01,avoid foreclosure,core_distress,44,2026-09-09 11:11:56.080316+00:00
2007-02-01,avoid foreclosure,core_distress,34,2026-09-09 11:11:56.080316+00:00
2007-03-01,avoid foreclosure,core_distress,52,2026-09-09 11:11:56.080316+00:00
2007-04-01,avoid foreclosure,core_distress,42,2026-09-09 11:11:56.080316+00:00
2007-05-01,avoid foreclosure,core_distress,49,2026-09-09 11:11:56.080316+00:00
2007-06-01,avoid foreclosure,core_distress,58,2026-09-09 11:11:56.080316+00:00
2007-07-01,avoid foreclosure,core_distress,65,2026-09-09 11:11:56.080316+00:00
2007-08-01,avoid foreclosure,core_distress,72,2026-09-09 11:11:56.080316+00:00
2007-09-01,avoid foreclosure,core_distress,83,2026-09-09 11:11:56.080316+00:00
2007-10-01,avoid foreclosure,core_distress,81,2026-09-09 11:11:56.080316+00:00
2007-11-01,avoid foreclosure,core_distress,56,2026-09-09 11:11:56.080316+00:00
2007-12-01,avoid foreclosure,core_distress,64,2026-09-09 11:11:56.080316+00:00
2008-01-01,avoid foreclosure,core_distress,67,2026-09-09 11:11:56.080316+00:00
2008-02-01,avoid foreclosure,core_distress,71,2026-09-09 11:11:56.080316+00:00
2008-03-01,avoid foreclosure,core_distress,61,2026-09-09 11:11:56.080316+00:00
2008-04-01,avoid foreclosure,core_distress,70,2026-09-09 11:11:56.080316+00:00
2008-05-01,avoid foreclosure,core_distress,64,2026-09-09 11:11:56.080316+00:00
2008-06-01,avoid foreclosure,core_distress,60,2026-09-09 11:11:56.080316+00:00
2008-07-01,avoid foreclosure,core_distress,74,2026-09-09 11:11:56.080316+00:00
2008-08-01,avoid foreclosure,core_distress,61,2026-09-09 11:11:56.080316+00:00
2008-09-01,avoid foreclosure,core_distress,68,2026-09-09 11:11:56.080316+00:00
2008-10-01,avoid foreclosure,core_distress,93,2026-09-09 11:11:56.080316+00:00
2008-11-01,avoid foreclosure,core_distress,78,2026-09-09 11:11:56.080316+00:00
2008-12-01,avoid foreclosure,core_distress,69,2026-09-09 11:11:56.080316+00:00
2009-01-01,avoid foreclosure,core_distress,100,2026-09-09 11:11:56.080316+00:00
2009-02-01,avoid foreclosure,core_distress,88,2026-09-09 11:11:56.080316+00:00
2009-03-01,avoid foreclosure,core_distress,76,2026-09-09 11:11:56.080316+00:00
2009-04-01,avoid foreclosure,core_distress,79,2026-09-09 11:11:56.080316+00:00
2009-05-01,avoid foreclosure,core_distress,60,2026-09-09 11:11:56.080316+00:00
2009-06-01,avoid foreclosure,core_distress,53,2026-09-09 11:11:56.080316+00:00
2009-07-01,avoid foreclosure,core_distress,55,2026-09-09 11:11:56.080316+00:00
2009-08-01,avoid foreclosure,core_distress,50,2026-09-09 11:11:56.080316+00:00
2009-09-01,avoid foreclosure,core_distress,48,2026-09-09 11:11:56.080316+00:00
2009-10-01,avoid foreclosure,core_distress,52,2026-09-09 11:11:56.080316+00:00
2009-11-01,avoid foreclosure,core_distress,51,2026-09-09 11:11:56.080316+00:00
2009-12-01,avoid foreclosure,core_distress,65,2026-09-09 11:11:56.080316+00:00
2010-01-01,avoid foreclosure,core_distress,63,2026-09-09 11:11:56.080316+00:00
2010-02-01,avoid foreclosure,core_distress,64,2026-09-09 11:11:56.080316+00:00
2010-03-01,avoid foreclosure,core_distress,48,2026-09-09 11:11:56.080316+00:00
2010-04-01,avoid foreclosure,core_distress,50,2026-09-09 11:11:56.080316+00:00
2010-05-01,avoid foreclosure,core_distress,39,2026-09-09 11:11:56.080316+00:00
2010-06-01,avoid foreclosure,core_distress,54,2026-09-09 11:11:56.080316+00:00
2010-07-01,avoid foreclosure,core_distress,48,2026-09-09 11:11:56.080316+00:00
2010-08-01,avoid foreclosure,core_distress,58,2026-09-09 11:11:56.080316+00:00
2010-09-01,avoid foreclosure,core_distress,45,2026-09-09 11:11:56.080316+00:00
2010-10-01,avoid foreclosure,core_distress,34,2026-09-09 11:11:56.080316+00:00
2010-11-01,avoid foreclosure,core_distress,33,2026-09-09 11:11:56.080316+00:00
2010-12-01,avoid foreclosure,core_distress,33,2026-09-09 11:11:56.080316+00:00
2011-01-01,avoid foreclosure,core_distress,50,2026-09-09 11:11:56.080316+00:00
2011-02-01,avoid foreclosure,core_distress,42,2026-09-09 11:11:56.080316+00:00
2011-03-01,avoid foreclosure,core_distress,44,2026-09-09 11:11:56.080316+00:00
2011-04-01,avoid foreclosure,core_distress,41,2026-09-09 11:11:56.080316+00:00
2011-05-01,avoid foreclosure,core_distress,38,2026-09-09 11:11:56.080316+00:00
2011-06-01,avoid foreclosure,core_distress,38,2026-09-09 11:11:56.080316+00:00
2011-07-01,avoid foreclosure,core_distress,40,2026-09-09 11:11:56.080316+00:00
2011-08-01,avoid foreclosure,core_distress,39,2026-09-09 11:11:56.080316+00:00
2011-09-01,avoid foreclosure,core_distress,35,2026-09-09 11:11:56.080316+00:00
2011-10-01,avoid foreclosure,core_distress,39,2026-09-09 11:11:56.080316+00:00
2011-11-01,avoid foreclosure,core_distress,36,2026-09-09 11:11:56.080316+00:00
2011-12-01,avoid foreclosure,core_distress,36,2026-09-09 11:11:56.080316+00:00
2012-01-01,avoid foreclosure,core_distress,42,2026-09-09 11:11:56.080316+00:00
2012-02-01,avoid foreclosure,core_distress,44,2026-09-09 11:11:56.080316+00:00
2012-03-01,avoid foreclosure,core_distress,27,2026-09-09 11:11:56.080316+00:00
2012-04-01,avoid foreclosure,core_distress,31,2026-09-09 11:11:56.080316+00:00
2012-05-01,avoid foreclosure,core_distress,34,2026-09-09 11:11:56.080316+00:00
2012-06-01,avoid foreclosure,core_distress,30,2026-09-09 11:11:56.080316+00:00
2012-07-01,avoid foreclosure,core_distress,31,2026-09-09 11:11:56.080316+00:00
2012-08-01,avoid foreclosure,core_distress,33,2026-09-09 11:11:56.080316+00:00
2012-09-01,avoid foreclosure,core_distress,32,2026-09-09 11:11:56.080316+00:00
2012-10-01,avoid foreclosure,core_distress,32,2026-09-09 11:11:56.080316+00:00
2012-11-01,avoid foreclosure,core_distress,30,2026-09-09 11:11:56.080316+00:00
2012-12-01,avoid foreclosure,core_distress,23,2026-09-09 11:11:56.080316+00:00
2013-01-01,avoid foreclosure,core_distress,33,2026-09-09 11:11:56.080316+00:00
2013-02-01,avoid foreclosure,core_distress,27,2026-09-09 11:11:56.080316+00:00
2013-03-01,avoid foreclosure,core_distress,21,2026-09-09 11:11:56.080316+00:00
2013-04-01,avoid foreclosure,core_distress,24,2026-09-09 11:11:56.080316+00:00
2013-05-01,avoid foreclosure,core_distress,24,2026-09-09 11:11:56.080316+00:00
2013-06-01,avoid foreclosure,core_distress,23,2026-09-09 11:11:56.080316+00:00
2013-07-01,avoid foreclosure,core_distress,20,2026-09-09 11:11:56.080316+00:00
2013-08-01,avoid foreclosure,core_distress,22,2026-09-09 11:11:56.080316+00:00
2013-09-01,avoid foreclosure,core_distress,24,2026-09-09 11:11:56.080316+00:00
2013-10-01,avoid foreclosure,core_distress,21,2026-09-09 11:11:56.080316+00:00
2013-11-01,avoid foreclosure,core_distress,20,2026-09-09 11:11:56.080316+00:00
2013-12-01,avoid foreclosure,core_distress,16,2026-09-09 11:11:56.080316+00:00
2014-01-01,avoid foreclosure,core_distress,22,2026-09-09 11:11:56.080316+00:00
2014-02-01,avoid foreclosure,core_distress,20,2026-09-09 11:11:56.080316+00:00
2014-03-01,avoid foreclosure,core_distress,18,2026-09-09 11:11:56.080316+00:00
2014-04-01,avoid foreclosure,core_distress,18,2026-09-09 11:11:56.080316+00:00
2014-05-01,avoid foreclosure,core_distress,18,2026-09-09 11:11:56.080316+00:00
2014-06-01,avoid foreclosure,core_distress,18,2026-09-09 11:11:56.080316+00:00
2014-07-01,avoid foreclosure,core_distress,15,2026-09-09 11:11:56.080316+00:00
2014-08-01,avoid foreclosure,core_distress,16,2026-09-09 11:11:56.080316+00:00
2014-09-01,avoid foreclosure,core_distress,15,2026-09-09 11:11:56.080316+00:00
2014-10-01,avoid foreclosure,core_distress,19,2026-09-09 11:11:56.080316+00:00
2014-11-01,avoid foreclosure,core_distress,13,2026-09-09 11:11:56.080316+00:00
2014-12-01,avoid foreclosure,core_distress,16,2026-09-09 11:11:56.080316+00:00
2015-01-01,avoid foreclosure,core_distress,16,2026-09-09 11:11:56.080316+00:00
2015-02-01,avoid foreclosure,core_distress,16,2026-09-09 11:11:56.080316+00:00
2015-03-01,avoid foreclosure,core_distress,13,2026-09-09 11:11:56.080316+00:00
2015-04-01,avoid foreclosure,core_distress,13,2026-09-09 11:11:56.080316+00:00
2015-05-01,avoid foreclosure,core_distress,13,2026-09-09 11:11:56.080316+00:00
2015-06-01,avoid foreclosure,core_distress,11,2026-09-09 11:11:56.080316+00:00
2015-07-01,avoid foreclosure,core_distress,15,2026-09-09 11:11:56.080316+00:00
2015-08-01,avoid foreclosure,core_distress,17,2026-09-09 11:11:56.080316+00:00
2015-09-01,avoid foreclosure,core_distress,16,2026-09-09 11:11:56.080316+00:00
2015-10-01,avoid foreclosure,core_distress,14,2026-09-09 11:11:56.080316+00:00
2015-11-01,avoid foreclosure,core_distress,14,2026-09-09 11:11:56.080316+00:00
2015-12-01,avoid foreclosure,core_distress,14,2026-09-09 11:11:56.080316+00:00
2016-01-01,avoid foreclosure,core_distress,17,2026-09-09 11:11:56.080316+00:00
2016-02-01,avoid foreclosure,core_distress,15,2026-09-09 11:11:56.080316+00:00
2016-03-01,avoid foreclosure,core_distress,16,2026-09-09 11:11:56.080316+00:00
2016-04-01,avoid foreclosure,core_distress,16,2026-09-09 11:11:56.080316+00:00
2016-05-01,avoid foreclosure,core_distress,12,2026-09-09 11:11:56.080316+00:00
2016-06-01,avoid foreclosure,core_distress,12,2026-09-09 11:11:56.080316+00:00
2016-07-01,avoid foreclosure,core_distress,8,2026-09-09 11:11:56.080316+00:00
2016-08-01,avoid foreclosure,core_distress,13,2026-09-09 11:11:56.080316+00:00
2016-09-01,avoid foreclosure,core_distress,10,2026-09-09 11:11:56.080316+00:00
2016-10-01,avoid foreclosure,core_distress,12,2026-09-09 11:11:56.080316+00:00
2016-11-01,avoid foreclosure,core_distress,12,2026-09-09 11:11:56.080316+00:00
2016-12-01,avoid foreclosure,core_distress,11,2026-09-09 11:11:56.080316+00:00
2017-01-01,avoid foreclosure,core_distress,13,2026-09-09 11:11:56.080316+00:00
2017-02-01,avoid foreclosure,core_distress,14,2026-09-09 11:11:56.080316+00:00
2017-03-01,avoid foreclosure,core_distress,12,2026-09-09 11:11:56.080316+00:00
2017-04-01,avoid foreclosure,core_distress,13,2026-09-09 11:11:56.080316+00:00
2017-05-01,avoid foreclosure,core_distress,12,2026-09-09 11:11:56.080316+00:00
2017-06-01,avoid foreclosure,core_distress,10,2026-09-09 11:11:56.080316+00:00
2017-07-01,avoid foreclosure,core_distress,13,2026-09-09 11:11:56.080316+00:00
2017-08-01,avoid foreclosure,core_distress,12,2026-09-09 11:11:56.080316+00:00
2017-09-01,avoid foreclosure,core_distress,14,2026-09-09 11:11:56.080316+00:00
2017-10-01,avoid foreclosure,core_distress,13,2026-09-09 11:11:56.080316+00:00
2017-11-01,avoid foreclosure,core_distress,15,2026-09-09 11:11:56.080316+00:00
2017-12-01,avoid foreclosure,core_distress,7,2026-09-09 11:11:56.080316+00:00
2018-01-01,avoid foreclosure,core_distress,12,2026-09-09 11:11:56.080316+00:00
2018-02-01,avoid foreclosure,core_distress,11,2026-09-09 11:11:56.080316+00:00
2018-03-01,avoid foreclosure,core_distress,10,2026-09-09 11:11:56.080316+00:00
2018-04-01,avoid foreclosure,core_distress,11,2026-09-09 11:11:56.080316+00:00
2018-05-01,avoid foreclosure,core_distress,12,2026-09-09 11:11:56.080316+00:00
2018-06-01,avoid foreclosure,core_distress,12,2026-09-09 11:11:56.080316+00:00
2018-07-01,avoid foreclosure,core_distress,13,2026-09-09 11:11:56.080316+00:00
2018-08-01,avoid foreclosure,core_distress,11,2026-09-09 11:11:56.080316+00:00
2018-09-01,avoid foreclosure,core_distress,12,2026-09-09 11:11:56.080316+00:00
2018-10-01,avoid foreclosure,core_distress,12,2026-09-09 11:11:56.080316+00:00
2018-11-01,avoid foreclosure,core_distress,13,2026-09-09 11:11:56.080316+00:00
2018-12-01,avoid foreclosure,core_distress,11,2026-09-09 11:11:56.080316+00:00
2019-01-01,avoid foreclosure,core_distress,11,2026-09-09 11:11:56.080316+00:00
2019-02-01,avoid foreclosure,core_distress,11,2026-09-09 11:11:56.080316+00:00
2019-03-01,avoid foreclosure,core_distress,11,2026-09-09 11:11:56.080316+00:00
2019-04-01,avoid foreclosure,core_distress,12,2026-09-09 11:11:56.080316+00:00
2019-05-01,avoid foreclosure,core_distress,7,2026-09-09 11:11:56.080316+00:00
2019-06-01,avoid foreclosure,core_distress,11,2026-09-09 11:11:56.080316+00:00
2019-07-01,avoid foreclosure,core_distress,9,2026-09-09 11:11:56.080316+00:00
2019-08-01,avoid foreclosure,core_distress,14,2026-09-09 11:11:56.080316+00:00
2019-09-01,avoid foreclosure,core_distress,10,2026-09-09 11:11:56.080316+00:00
2019-10-01,avoid foreclosure,core_distress,12,2026-09-09 11:11:56.080316+00:00
2019-11-01,avoid foreclosure,core_distress,8,2026-09-09 11:11:56.080316+00:00
2019-12-01,avoid foreclosure,core_distress,13,2026-09-09 11:11:56.080316+00:00
2020-01-01,avoid foreclosure,core_distress,12,2026-09-09 11:11:56.080316+00:00
2020-02-01,avoid foreclosure,core_distress,10,2026-09-09 11:11:56.080316+00:00
2020-03-01,avoid foreclosure,core_distress,8,2026-09-09 11:11:56.080316+00:00
2020-04-01,avoid foreclosure,core_distress,9,2026-09-09 11:11:56.080316+00:00
2020-05-01,avoid foreclosure,core_distress,7,2026-09-09 11:11:56.080316+00:00
2020-06-01,avoid foreclosure,core_distress,11,2026-09-09 11:11:56.080316+00:00
2020-07-01,avoid foreclosure,core_distress,9,2026-09-09 11:11:56.080316+00:00
2020-08-01,avoid foreclosure,core_distress,7,2026-09-09 11:11:56.080316+00:00
2020-09-01,avoid foreclosure,core_distress,11,2026-09-09 11:11:56.080316+00:00
2020-10-01,avoid foreclosure,core_distress,8,2026-09-09 11:11:56.080316+00:00
2020-11-01,avoid foreclosure,core_distress,8,2026-09-09 11:11:56.080316+00:00
2020-12-01,avoid foreclosure,core_distress,9,2026-09-09 11:11:56.080316+00:00
2021-01-01,avoid foreclosure,core_distress,11,2026-09-09 11:11:56.080316+00:00
2021-02-01,avoid foreclosure,core_distress,7,2026-09-09 11:11:56.080316+00:00
2021-03-01,avoid foreclosure,core_distress,8,2026-09-09 11:11:56.080316+00:00
2021-04-01,avoid foreclosure,core_distress,6,2026-09-09 11:11:56.080316+00:00
2021-05-01,avoid foreclosure,core_distress,9,2026-09-09 11:11:56.080316+00:00
2021-06-01,avoid foreclosure,core_distress,7,2026-09-09 11:11:56.080316+00:00
2021-07-01,avoid foreclosure,core_distress,9,2026-09-09 11:11:56.080316+00:00
2021-08-01,avoid foreclosure,core_distress,7,2026-09-09 11:11:56.080316+00:00
2021-09-01,avoid foreclosure,core_distress,10,2026-09-09 11:11:56.080316+00:00
2021-10-01,avoid foreclosure,core_distress,10,2026-09-09 11:11:56.080316+00:00
2021-11-01,avoid foreclosure,core_distress,10,2026-09-09 11:11:56.080316+00:00
2021-12-01,avoid foreclosure,core_distress,10,2026-09-09 11:11:56.080316+00:00
2022-01-01,avoid foreclosure,core_distress,10,2026-09-09 11:11:56.080316+00:00
2022-02-01,avoid foreclosure,core_distress,8,2026-09-09 11:11:56.080316+00:00
2022-03-01,avoid foreclosure,core_distress,12,2026-09-09 11:11:56.080316+00:00
2022-04-01,avoid foreclosure,core_distress,11,2026-09-09 11:11:56.080316+00:00
2022-05-01,avoid foreclosure,core_distress,10,2026-09-09 11:11:56.080316+00:00
2022-06-01,avoid foreclosure,core_distress,9,2026-09-09 11:11:56.080316+00:00
2022-07-01,avoid foreclosure,core_distress,8,2026-09-09 11:11:56.080316+00:00
2022-08-01,avoid foreclosure,core_distress,10,2026-09-09 11:11:56.080316+00:00
2022-09-01,avoid foreclosure,core_distress,10,2026-09-09 11:11:56.080316+00:00
2022-10-01,avoid foreclosure,core_distress,10,2026-09-09 11:11:56.080316+00:00
2022-11-01,avoid foreclosure,core_distress,9,2026-09-09 11:11:56.080316+00:00
2022-12-01,avoid foreclosure,core_distress,11,2026-09-09 11:11:56.080316+00:00
2023-01-01,avoid foreclosure,core_distress,13,2026-09-09 11:11:56.080316+00:00
2023-02-01,avoid foreclosure,core_distress,8,2026-09-09 11:11:56.080316+00:00
2023-03-01,avoid foreclosure,core_distress,10,2026-09-09 11:11:56.080316+00:00
2023-04-01,avoid foreclosure,core_distress,13,2026-09-09 11:11:56.080316+00:00
2023-05-01,avoid foreclosure,core_distress,12,2026-09-09 11:11:56.080316+00:00
2023-06-01,avoid foreclosure,core_distress,11,2026-09-09 11:11:56.080316+00:00
2023-07-01,avoid foreclosure,core_distress,13,2026-09-09 11:11:56.080316+00:00
2023-08-01,avoid foreclosure,core_distress,11,2026-09-09 11:11:56.080316+00:00
2023-09-01,avoid foreclosure,core_distress,13,2026-09-09 11:11:56.080316+00:00
2023-10-01,avoid foreclosure,core_distress,13,2026-09-09 11:11:56.080316+00:00
2023-11-01,avoid foreclosure,core_distress,14,2026-09-09 11:11:56.080316+00:00
2023-12-01,avoid foreclosure,core_distress,13,2026-09-09 11:11:56.080316+00:00
2024-01-01,avoid foreclosure,core_distress,12,2026-09-09 11:11:56.080316+00:00
2024-02-01,avoid foreclosure,core_distress,14,2026-09-09 11:11:56.080316+00:00
2024-03-01,avoid foreclosure,core_distress,16,2026-09-09 11:11:56.080316+00:00
2024-04-01,avoid foreclosure,core_distress,13,2026-09-09 11:11:56.080316+00:00
2024-05-01,avoid foreclosure,core_distress,11,2026-09-09 11:11:56.080316+00:00
2024-06-01,avoid foreclosure,core_distress,10,2026-09-09 11:11:56.080316+00:00
2024-07-01,avoid foreclosure,core_distress,12,2026-09-09 11:11:56.080316+00:00
2024-08-01,avoid foreclosure,core_distress,10,2026-09-09 11:11:56.080316+00:00
2024-09-01,avoid foreclosure,core_distress,14,2026-09-09 11:11:56.080316+00:00
2024-10-01,avoid foreclosure,core_distress,12,2026-09-09 11:11:56.080316+00:00
2024-11-01,avoid foreclosure,core_distress,15,2026-09-09 11:11:56.080316+00:00
2024-12-01,avoid foreclosure,core_distress,14,2026-09-09 11:11:56.080316+00:00
2025-01-01,avoid foreclosure,core_distress,14,2026-09-09 11:11:56.080316+00:00
2025-02-01,avoid foreclosure,core_distress,16,2026-09-09 11:11:56.080316+00:00
2025-03-01,avoid foreclosure,core_distress,17,2026-09-09 11:11:56.080316+00:00
2025-04-01,avoid foreclosure,core_distress,22,2026-09-09 11:11:56.080316+00:00
2025-05-01,avoid foreclosure,core_distress,27,2026-09-09 11:11:56.080316+00:00
2025-06-01,avoid foreclosure,core_distress,21,2026-09-09 11:11:56.080316+00:00
2025-07-01,avoid foreclosure,core_distress,19,2026-09-09 11:11:56.080316+00:00
2025-08-01,avoid foreclosure,core_distress,25,2026-09-09 11:11:56.080316+00:00
2025-09-01,avoid foreclosure,core_distress,19,2026-09-09 11:11:56.080316+00:00
2025-10-01,avoid foreclosure,core_distress,24,2026-09-09 11:11:56.080316+00:00
2025-11-01,avoid foreclosure,core_distress,24,2026-09-09 11:11:56.080316+00:00
2025-12-01,avoid foreclosure,core_distress,27,2026-09-09 11:11:56.080316+00:00
2026-01-01,avoid foreclosure,core_distress,20,2026-09-09 11:11:56.080316+00:00
2026-02-01,avoid foreclosure,core_distress,27,2026-09-09 11:11:56.080316+00:00
2026-03-01,avoid foreclosure,core_distress,31,2026-09-09 11:11:56.080316+00:00
2026-04-01,avoid foreclosure,core_distress,31,2026-09-09 11:11:56.080316+00:00
2026-05-01,avoid foreclosure,core_distress,35,2026-09-09 11:11:56.080316+00:00
2026-06-01,avoid foreclosure,core_distress,38,2026-09-09 11:11:56.080316+00:00
2026-07-01,avoid foreclosure,core_distress,32,2026-09-09 11:11:56.080316+00:00
2026-08-01,avoid foreclosure,core_distress,25,2026-09-09 11:11:56.080316+00:00
2004-01-01,mortgage assistance,core_distress,0,2026-09-09 11:11:56.080316+00:00
2004-02-01,mortgage assistance,core_distress,20,2026-09-09 11:11:56.080316+00:00
2004-03-01,mortgage assistance,core_distress,20,2026-09-09 11:11:56.080316+00:00
2004-04-01,mortgage assistance,core_distress,31,2026-09-09 11:11:56.080316+00:00
2004-05-01,mortgage assistance,core_distress,0,2026-09-09 11:11:56.080316+00:00
2004-06-01,mortgage assistance,core_distress,20,2026-09-09 11:11:56.080316+00:00
2004-07-01,mortgage assistance,core_distress,24,2026-09-09 11:11:56.080316+00:00
2004-08-01,mortgage assistance,core_distress,21,2026-09-09 11:11:56.080316+00:00
2004-09-01,mortgage assistance,core_distress,25,2026-09-09 11:11:56.080316+00:00
2004-10-01,mortgage assistance,core_distress,14,2026-09-09 11:11:56.080316+00:00
2004-11-01,mortgage assistance,core_distress,16,2026-09-09 11:11:56.080316+00:00
2004-12-01,mortgage assistance,core_distress,14,2026-09-09 11:11:56.080316+00:00
2005-01-01,mortgage assistance,core_distress,22,2026-09-09 11:11:56.080316+00:00
2005-02-01,mortgage assistance,core_distress,20,2026-09-09 11:11:56.080316+00:00
2005-03-01,mortgage assistance,core_distress,22,2026-09-09 11:11:56.080316+00:00
2005-04-01,mortgage assistance,core_distress,17,2026-09-09 11:11:56.080316+00:00
2005-05-01,mortgage assistance,core_distress,20,2026-09-09 11:11:56.080316+00:00
2005-06-01,mortgage assistance,core_distress,28,2026-09-09 11:11:56.080316+00:00
2005-07-01,mortgage assistance,core_distress,22,2026-09-09 11:11:56.080316+00:00
2005-08-01,mortgage assistance,core_distress,20,2026-09-09 11:11:56.080316+00:00
2005-09-01,mortgage assistance,core_distress,22,2026-09-09 11:11:56.080316+00:00
2005-10-01,mortgage assistance,core_distress,20,2026-09-09 11:11:56.080316+00:00
2005-11-01,mortgage assistance,core_distress,18,2026-09-09 11:11:56.080316+00:00
2005-12-01,mortgage assistance,core_distress,19,2026-09-09 11:11:56.080316+00:00
2006-01-01,mortgage assistance,core_distress,24,2026-09-09 11:11:56.080316+00:00
2006-02-01,mortgage assistance,core_distress,18,2026-09-09 11:11:56.080316+00:00
2006-03-01,mortgage assistance,core_distress,16,2026-09-09 11:11:56.080316+00:00
2006-04-01,mortgage assistance,core_distress,20,2026-09-09 11:11:56.080316+00:00
2006-05-01,mortgage assistance,core_distress,24,2026-09-09 11:11:56.080316+00:00
2006-06-01,mortgage assistance,core_distress,16,2026-09-09 11:11:56.080316+00:00
2006-07-01,mortgage assistance,core_distress,27,2026-09-09 11:11:56.080316+00:00
2006-08-01,mortgage assistance,core_distress,22,2026-09-09 11:11:56.080316+00:00
2006-09-01,mortgage assistance,core_distress,21,2026-09-09 11:11:56.080316+00:00
2006-10-01,mortgage assistance,core_distress,15,2026-09-09 11:11:56.080316+00:00
2006-11-01,mortgage assistance,core_distress,16,2026-09-09 11:11:56.080316+00:00
2006-12-01,mortgage assistance,core_distress,15,2026-09-09 11:11:56.080316+00:00
2007-01-01,mortgage assistance,core_distress,22,2026-09-09 11:11:56.080316+00:00
2007-02-01,mortgage assistance,core_distress,21,2026-09-09 11:11:56.080316+00:00
2007-03-01,mortgage assistance,core_distress,23,2026-09-09 11:11:56.080316+00:00
2007-04-01,mortgage assistance,core_distress,25,2026-09-09 11:11:56.080316+00:00
2007-05-01,mortgage assistance,core_distress,24,2026-09-09 11:11:56.080316+00:00
2007-06-01,mortgage assistance,core_distress,29,2026-09-09 11:11:56.080316+00:00
2007-07-01,mortgage assistance,core_distress,28,2026-09-09 11:11:56.080316+00:00
2007-08-01,mortgage assistance,core_distress,31,2026-09-09 11:11:56.080316+00:00
2007-09-01,mortgage assistance,core_distress,25,2026-09-09 11:11:56.080316+00:00
2007-10-01,mortgage assistance,core_distress,29,2026-09-09 11:11:56.080316+00:00
2007-11-01,mortgage assistance,core_distress,26,2026-09-09 11:11:56.080316+00:00
2007-12-01,mortgage assistance,core_distress,26,2026-09-09 11:11:56.080316+00:00
2008-01-01,mortgage assistance,core_distress,29,2026-09-09 11:11:56.080316+00:00
2008-02-01,mortgage assistance,core_distress,31,2026-09-09 11:11:56.080316+00:00
2008-03-01,mortgage assistance,core_distress,37,2026-09-09 11:11:56.080316+00:00
2008-04-01,mortgage assistance,core_distress,38,2026-09-09 11:11:56.080316+00:00
2008-05-01,mortgage assistance,core_distress,29,2026-09-09 11:11:56.080316+00:00
2008-06-01,mortgage assistance,core_distress,31,2026-09-09 11:11:56.080316+00:00
2008-07-01,mortgage assistance,core_distress,38,2026-09-09 11:11:56.080316+00:00
2008-08-01,mortgage assistance,core_distress,35,2026-09-09 11:11:56.080316+00:00
2008-09-01,mortgage assistance,core_distress,46,2026-09-09 11:11:56.080316+00:00
2008-10-01,mortgage assistance,core_distress,48,2026-09-09 11:11:56.080316+00:00
2008-11-01,mortgage assistance,core_distress,51,2026-09-09 11:11:56.080316+00:00
2008-12-01,mortgage assistance,core_distress,50,2026-09-09 11:11:56.080316+00:00
2009-01-01,mortgage assistance,core_distress,54,2026-09-09 11:11:56.080316+00:00
2009-02-01,mortgage assistance,core_distress,65,2026-09-09 11:11:56.080316+00:00
2009-03-01,mortgage assistance,core_distress,100,2026-09-09 11:11:56.080316+00:00
2009-04-01,mortgage assistance,core_distress,68,2026-09-09 11:11:56.080316+00:00
2009-05-01,mortgage assistance,core_distress,55,2026-09-09 11:11:56.080316+00:00
2009-06-01,mortgage assistance,core_distress,57,2026-09-09 11:11:56.080316+00:00
2009-07-01,mortgage assistance,core_distress,54,2026-09-09 11:11:56.080316+00:00
2009-08-01,mortgage assistance,core_distress,53,2026-09-09 11:11:56.080316+00:00
2009-09-01,mortgage assistance,core_distress,42,2026-09-09 11:11:56.080316+00:00
2009-10-01,mortgage assistance,core_distress,44,2026-09-09 11:11:56.080316+00:00
2009-11-01,mortgage assistance,core_distress,42,2026-09-09 11:11:56.080316+00:00
2009-12-01,mortgage assistance,core_distress,41,2026-09-09 11:11:56.080316+00:00
2010-01-01,mortgage assistance,core_distress,41,2026-09-09 11:11:56.080316+00:00
2010-02-01,mortgage assistance,core_distress,40,2026-09-09 11:11:56.080316+00:00
2010-03-01,mortgage assistance,core_distress,47,2026-09-09 11:11:56.080316+00:00
2010-04-01,mortgage assistance,core_distress,37,2026-09-09 11:11:56.080316+00:00
2010-05-01,mortgage assistance,core_distress,36,2026-09-09 11:11:56.080316+00:00
2010-06-01,mortgage assistance,core_distress,35,2026-09-09 11:11:56.080316+00:00
2010-07-01,mortgage assistance,core_distress,33,2026-09-09 11:11:56.080316+00:00
2010-08-01,mortgage assistance,core_distress,33,2026-09-09 11:11:56.080316+00:00
2010-09-01,mortgage assistance,core_distress,29,2026-09-09 11:11:56.080316+00:00
2010-10-01,mortgage assistance,core_distress,31,2026-09-09 11:11:56.080316+00:00
2010-11-01,mortgage assistance,core_distress,24,2026-09-09 11:11:56.080316+00:00
2010-12-01,mortgage assistance,core_distress,25,2026-09-09 11:11:56.080316+00:00
2011-01-01,mortgage assistance,core_distress,32,2026-09-09 11:11:56.080316+00:00
2011-02-01,mortgage assistance,core_distress,29,2026-09-09 11:11:56.080316+00:00
2011-03-01,mortgage assistance,core_distress,32,2026-09-09 11:11:56.080316+00:00
2011-04-01,mortgage assistance,core_distress,29,2026-09-09 11:11:56.080316+00:00
2011-05-01,mortgage assistance,core_distress,26,2026-09-09 11:11:56.080316+00:00
2011-06-01,mortgage assistance,core_distress,32,2026-09-09 11:11:56.080316+00:00
2011-07-01,mortgage assistance,core_distress,41,2026-09-09 11:11:56.080316+00:00
2011-08-01,mortgage assistance,core_distress,35,2026-09-09 11:11:56.080316+00:00
2011-09-01,mortgage assistance,core_distress,32,2026-09-09 11:11:56.080316+00:00
2011-10-01,mortgage assistance,core_distress,31,2026-09-09 11:11:56.080316+00:00
2011-11-01,mortgage assistance,core_distress,29,2026-09-09 11:11:56.080316+00:00
2011-12-01,mortgage assistance,core_distress,24,2026-09-09 11:11:56.080316+00:00
2012-01-01,mortgage assistance,core_distress,31,2026-09-09 11:11:56.080316+00:00
2012-02-01,mortgage assistance,core_distress,36,2026-09-09 11:11:56.080316+00:00
2012-03-01,mortgage assistance,core_distress,29,2026-09-09 11:11:56.080316+00:00
2012-04-01,mortgage assistance,core_distress,29,2026-09-09 11:11:56.080316+00:00
2012-05-01,mortgage assistance,core_distress,31,2026-09-09 11:11:56.080316+00:00
2012-06-01,mortgage assistance,core_distress,28,2026-09-09 11:11:56.080316+00:00
2012-07-01,mortgage assistance,core_distress,31,2026-09-09 11:11:56.080316+00:00
2012-08-01,mortgage assistance,core_distress,32,2026-09-09 11:11:56.080316+00:00
2012-09-01,mortgage assistance,core_distress,29,2026-09-09 11:11:56.080316+00:00
2012-10-01,mortgage assistance,core_distress,29,2026-09-09 11:11:56.080316+00:00
2012-11-01,mortgage assistance,core_distress,29,2026-09-09 11:11:56.080316+00:00
2012-12-01,mortgage assistance,core_distress,22,2026-09-09 11:11:56.080316+00:00
2013-01-01,mortgage assistance,core_distress,29,2026-09-09 11:11:56.080316+00:00
2013-02-01,mortgage assistance,core_distress,27,2026-09-09 11:11:56.080316+00:00
2013-03-01,mortgage assistance,core_distress,27,2026-09-09 11:11:56.080316+00:00
2013-04-01,mortgage assistance,core_distress,26,2026-09-09 11:11:56.080316+00:00
2013-05-01,mortgage assistance,core_distress,27,2026-09-09 11:11:56.080316+00:00
2013-06-01,mortgage assistance,core_distress,26,2026-09-09 11:11:56.080316+00:00
2013-07-01,mortgage assistance,core_distress,28,2026-09-09 11:11:56.080316+00:00
2013-08-01,mortgage assistance,core_distress,27,2026-09-09 11:11:56.080316+00:00
2013-09-01,mortgage assistance,core_distress,24,2026-09-09 11:11:56.080316+00:00
2013-10-01,mortgage assistance,core_distress,25,2026-09-09 11:11:56.080316+00:00
2013-11-01,mortgage assistance,core_distress,23,2026-09-09 11:11:56.080316+00:00
2013-12-01,mortgage assistance,core_distress,18,2026-09-09 11:11:56.080316+00:00
2014-01-01,mortgage assistance,core_distress,25,2026-09-09 11:11:56.080316+00:00
2014-02-01,mortgage assistance,core_distress,26,2026-09-09 11:11:56.080316+00:00
2014-03-01,mortgage assistance,core_distress,24,2026-09-09 11:11:56.080316+00:00
2014-04-01,mortgage assistance,core_distress,26,2026-09-09 11:11:56.080316+00:00
2014-05-01,mortgage assistance,core_distress,24,2026-09-09 11:11:56.080316+00:00
2014-06-01,mortgage assistance,core_distress,26,2026-09-09 11:11:56.080316+00:00
2014-07-01,mortgage assistance,core_distress,27,2026-09-09 11:11:56.080316+00:00
2014-08-01,mortgage assistance,core_distress,23,2026-09-09 11:11:56.080316+00:00
2014-09-01,mortgage assistance,core_distress,22,2026-09-09 11:11:56.080316+00:00
2014-10-01,mortgage assistance,core_distress,22,2026-09-09 11:11:56.080316+00:00
2014-11-01,mortgage assistance,core_distress,18,2026-09-09 11:11:56.080316+00:00
2014-12-01,mortgage assistance,core_distress,18,2026-09-09 11:11:56.080316+00:00
2015-01-01,mortgage assistance,core_distress,23,2026-09-09 11:11:56.080316+00:00
2015-02-01,mortgage assistance,core_distress,24,2026-09-09 11:11:56.080316+00:00
2015-03-01,mortgage assistance,core_distress,26,2026-09-09 11:11:56.080316+00:00
2015-04-01,mortgage assistance,core_distress,25,2026-09-09 11:11:56.080316+00:00
2015-05-01,mortgage assistance,core_distress,21,2026-09-09 11:11:56.080316+00:00
2015-06-01,mortgage assistance,core_distress,27,2026-09-09 11:11:56.080316+00:00
2015-07-01,mortgage assistance,core_distress,26,2026-09-09 11:11:56.080316+00:00
2015-08-01,mortgage assistance,core_distress,24,2026-09-09 11:11:56.080316+00:00
2015-09-01,mortgage assistance,core_distress,23,2026-09-09 11:11:56.080316+00:00
2015-10-01,mortgage assistance,core_distress,20,2026-09-09 11:11:56.080316+00:00
2015-11-01,mortgage assistance,core_distress,17,2026-09-09 11:11:56.080316+00:00
2015-12-01,mortgage assistance,core_distress,19,2026-09-09 11:11:56.080316+00:00
2016-01-01,mortgage assistance,core_distress,21,2026-09-09 11:11:56.080316+00:00
2016-02-01,mortgage assistance,core_distress,21,2026-09-09 11:11:56.080316+00:00
2016-03-01,mortgage assistance,core_distress,24,2026-09-09 11:11:56.080316+00:00
2016-04-01,mortgage assistance,core_distress,24,2026-09-09 11:11:56.080316+00:00
2016-05-01,mortgage assistance,core_distress,22,2026-09-09 11:11:56.080316+00:00
2016-06-01,mortgage assistance,core_distress,21,2026-09-09 11:11:56.080316+00:00
2016-07-01,mortgage assistance,core_distress,23,2026-09-09 11:11:56.080316+00:00
2016-08-01,mortgage assistance,core_distress,24,2026-09-09 11:11:56.080316+00:00
2016-09-01,mortgage assistance,core_distress,20,2026-09-09 11:11:56.080316+00:00
2016-10-01,mortgage assistance,core_distress,22,2026-09-09 11:11:56.080316+00:00
2016-11-01,mortgage assistance,core_distress,20,2026-09-09 11:11:56.080316+00:00
2016-12-01,mortgage assistance,core_distress,18,2026-09-09 11:11:56.080316+00:00
2017-01-01,mortgage assistance,core_distress,23,2026-09-09 11:11:56.080316+00:00
2017-02-01,mortgage assistance,core_distress,23,2026-09-09 11:11:56.080316+00:00
2017-03-01,mortgage assistance,core_distress,22,2026-09-09 11:11:56.080316+00:00
2017-04-01,mortgage assistance,core_distress,22,2026-09-09 11:11:56.080316+00:00
2017-05-01,mortgage assistance,core_distress,21,2026-09-09 11:11:56.080316+00:00
2017-06-01,mortgage assistance,core_distress,21,2026-09-09 11:11:56.080316+00:00
2017-07-01,mortgage assistance,core_distress,25,2026-09-09 11:11:56.080316+00:00
2017-08-01,mortgage assistance,core_distress,24,2026-09-09 11:11:56.080316+00:00
2017-09-01,mortgage assistance,core_distress,25,2026-09-09 11:11:56.080316+00:00
2017-10-01,mortgage assistance,core_distress,22,2026-09-09 11:11:56.080316+00:00
2017-11-01,mortgage assistance,core_distress,20,2026-09-09 11:11:56.080316+00:00
2017-12-01,mortgage assistance,core_distress,18,2026-09-09 11:11:56.080316+00:00
2018-01-01,mortgage assistance,core_distress,23,2026-09-09 11:11:56.080316+00:00
2018-02-01,mortgage assistance,core_distress,23,2026-09-09 11:11:56.080316+00:00
2018-03-01,mortgage assistance,core_distress,22,2026-09-09 11:11:56.080316+00:00
2018-04-01,mortgage assistance,core_distress,24,2026-09-09 11:11:56.080316+00:00
2018-05-01,mortgage assistance,core_distress,23,2026-09-09 11:11:56.080316+00:00
2018-06-01,mortgage assistance,core_distress,24,2026-09-09 11:11:56.080316+00:00
2018-07-01,mortgage assistance,core_distress,24,2026-09-09 11:11:56.080316+00:00
2018-08-01,mortgage assistance,core_distress,24,2026-09-09 11:11:56.080316+00:00
2018-09-01,mortgage assistance,core_distress,20,2026-09-09 11:11:56.080316+00:00
2018-10-01,mortgage assistance,core_distress,21,2026-09-09 11:11:56.080316+00:00
2018-11-01,mortgage assistance,core_distress,20,2026-09-09 11:11:56.080316+00:00
2018-12-01,mortgage assistance,core_distress,20,2026-09-09 11:11:56.080316+00:00
2019-01-01,mortgage assistance,core_distress,28,2026-09-09 11:11:56.080316+00:00
2019-02-01,mortgage assistance,core_distress,22,2026-09-09 11:11:56.080316+00:00
2019-03-01,mortgage assistance,core_distress,22,2026-09-09 11:11:56.080316+00:00
2019-04-01,mortgage assistance,core_distress,22,2026-09-09 11:11:56.080316+00:00
2019-05-01,mortgage assistance,core_distress,24,2026-09-09 11:11:56.080316+00:00
2019-06-01,mortgage assistance,core_distress,23,2026-09-09 11:11:56.080316+00:00
2019-07-01,mortgage assistance,core_distress,23,2026-09-09 11:11:56.080316+00:00
2019-08-01,mortgage assistance,core_distress,23,2026-09-09 11:11:56.080316+00:00
2019-09-01,mortgage assistance,core_distress,22,2026-09-09 11:11:56.080316+00:00
2019-10-01,mortgage assistance,core_distress,22,2026-09-09 11:11:56.080316+00:00
2019-11-01,mortgage assistance,core_distress,19,2026-09-09 11:11:56.080316+00:00
2019-12-01,mortgage assistance,core_distress,17,2026-09-09 11:11:56.080316+00:00
2020-01-01,mortgage assistance,core_distress,24,2026-09-09 11:11:56.080316+00:00
2020-02-01,mortgage assistance,core_distress,22,2026-09-09 11:11:56.080316+00:00
2020-03-01,mortgage assistance,core_distress,72,2026-09-09 11:11:56.080316+00:00
2020-04-01,mortgage assistance,core_distress,63,2026-09-09 11:11:56.080316+00:00
2020-05-01,mortgage assistance,core_distress,43,2026-09-09 11:11:56.080316+00:00
2020-06-01,mortgage assistance,core_distress,41,2026-09-09 11:11:56.080316+00:00
2020-07-01,mortgage assistance,core_distress,50,2026-09-09 11:11:56.080316+00:00
2020-08-01,mortgage assistance,core_distress,47,2026-09-09 11:11:56.080316+00:00
2020-09-01,mortgage assistance,core_distress,37,2026-09-09 11:11:56.080316+00:00
2020-10-01,mortgage assistance,core_distress,39,2026-09-09 11:11:56.080316+00:00
2020-11-01,mortgage assistance,core_distress,33,2026-09-09 11:11:56.080316+00:00
2020-12-01,mortgage assistance,core_distress,42,2026-09-09 11:11:56.080316+00:00
2021-01-01,mortgage assistance,core_distress,43,2026-09-09 11:11:56.080316+00:00
2021-02-01,mortgage assistance,core_distress,42,2026-09-09 11:11:56.080316+00:00
2021-03-01,mortgage assistance,core_distress,62,2026-09-09 11:11:56.080316+00:00
2021-04-01,mortgage assistance,core_distress,51,2026-09-09 11:11:56.080316+00:00
2021-05-01,mortgage assistance,core_distress,58,2026-09-09 11:11:56.080316+00:00
2021-06-01,mortgage assistance,core_distress,53,2026-09-09 11:11:56.080316+00:00
2021-07-01,mortgage assistance,core_distress,50,2026-09-09 11:11:56.080316+00:00
2021-08-01,mortgage assistance,core_distress,52,2026-09-09 11:11:56.080316+00:00
2021-09-01,mortgage assistance,core_distress,49,2026-09-09 11:11:56.080316+00:00
2021-10-01,mortgage assistance,core_distress,45,2026-09-09 11:11:56.080316+00:00
2021-11-01,mortgage assistance,core_distress,39,2026-09-09 11:11:56.080316+00:00
2021-12-01,mortgage assistance,core_distress,39,2026-09-09 11:11:56.080316+00:00
2022-01-01,mortgage assistance,core_distress,54,2026-09-09 11:11:56.080316+00:00
2022-02-01,mortgage assistance,core_distress,55,2026-09-09 11:11:56.080316+00:00
2022-03-01,mortgage assistance,core_distress,56,2026-09-09 11:11:56.080316+00:00
2022-04-01,mortgage assistance,core_distress,52,2026-09-09 11:11:56.080316+00:00
2022-05-01,mortgage assistance,core_distress,51,2026-09-09 11:11:56.080316+00:00
2022-06-01,mortgage assistance,core_distress,52,2026-09-09 11:11:56.080316+00:00
2022-07-01,mortgage assistance,core_distress,55,2026-09-09 11:11:56.080316+00:00
2022-08-01,mortgage assistance,core_distress,57,2026-09-09 11:11:56.080316+00:00
2022-09-01,mortgage assistance,core_distress,53,2026-09-09 11:11:56.080316+00:00
2022-10-01,mortgage assistance,core_distress,52,2026-09-09 11:11:56.080316+00:00
2022-11-01,mortgage assistance,core_distress,47,2026-09-09 11:11:56.080316+00:00
2022-12-01,mortgage assistance,core_distress,47,2026-09-09 11:11:56.080316+00:00
2023-01-01,mortgage assistance,core_distress,55,2026-09-09 11:11:56.080316+00:00
2023-02-01,mortgage assistance,core_distress,54,2026-09-09 11:11:56.080316+00:00
2023-03-01,mortgage assistance,core_distress,54,2026-09-09 11:11:56.080316+00:00
2023-04-01,mortgage assistance,core_distress,51,2026-09-09 11:11:56.080316+00:00
2023-05-01,mortgage assistance,core_distress,51,2026-09-09 11:11:56.080316+00:00
2023-06-01,mortgage assistance,core_distress,53,2026-09-09 11:11:56.080316+00:00
2023-07-01,mortgage assistance,core_distress,52,2026-09-09 11:11:56.080316+00:00
2023-08-01,mortgage assistance,core_distress,52,2026-09-09 11:11:56.080316+00:00
2023-09-01,mortgage assistance,core_distress,45,2026-09-09 11:11:56.080316+00:00
2023-10-01,mortgage assistance,core_distress,47,2026-09-09 11:11:56.080316+00:00
2023-11-01,mortgage assistance,core_distress,45,2026-09-09 11:11:56.080316+00:00
2023-12-01,mortgage assistance,core_distress,39,2026-09-09 11:11:56.080316+00:00
2024-01-01,mortgage assistance,core_distress,48,2026-09-09 11:11:56.080316+00:00
2024-02-01,mortgage assistance,core_distress,39,2026-09-09 11:11:56.080316+00:00
2024-03-01,mortgage assistance,core_distress,39,2026-09-09 11:11:56.080316+00:00
2024-04-01,mortgage assistance,core_distress,45,2026-09-09 11:11:56.080316+00:00
2024-05-01,mortgage assistance,core_distress,41,2026-09-09 11:11:56.080316+00:00
2024-06-01,mortgage assistance,core_distress,39,2026-09-09 11:11:56.080316+00:00
2024-07-01,mortgage assistance,core_distress,40,2026-09-09 11:11:56.080316+00:00
2024-08-01,mortgage assistance,core_distress,39,2026-09-09 11:11:56.080316+00:00
2024-09-01,mortgage assistance,core_distress,40,2026-09-09 11:11:56.080316+00:00
2024-10-01,mortgage assistance,core_distress,40,2026-09-09 11:11:56.080316+00:00
2024-11-01,mortgage assistance,core_distress,34,2026-09-09 11:11:56.080316+00:00
2024-12-01,mortgage assistance,core_distress,32,2026-09-09 11:11:56.080316+00:00
2025-01-01,mortgage assistance,core_distress,42,2026-09-09 11:11:56.080316+00:00
2025-02-01,mortgage assistance,core_distress,37,2026-09-09 11:11:56.080316+00:00
2025-03-01,mortgage assistance,core_distress,38,2026-09-09 11:11:56.080316+00:00
2025-04-01,mortgage assistance,core_distress,37,2026-09-09 11:11:56.080316+00:00
2025-05-01,mortgage assistance,core_distress,35,2026-09-09 11:11:56.080316+00:00
2025-06-01,mortgage assistance,core_distress,41,2026-09-09 11:11:56.080316+00:00
2025-07-01,mortgage assistance,core_distress,46,2026-09-09 11:11:56.080316+00:00
2025-08-01,mortgage assistance,core_distress,42,2026-09-09 11:11:56.080316+00:00
2025-09-01,mortgage assistance,core_distress,40,2026-09-09 11:11:56.080316+00:00
2025-10-01,mortgage assistance,core_distress,45,2026-09-09 11:11:56.080316+00:00
2025-11-01,mortgage assistance,core_distress,45,2026-09-09 11:11:56.080316+00:00
2025-12-01,mortgage assistance,core_distress,51,2026-09-09 11:11:56.080316+00:00
2026-01-01,mortgage assistance,core_distress,62,2026-09-09 11:11:56.080316+00:00
2026-02-01,mortgage assistance,core_distress,62,2026-09-09 11:11:56.080316+00:00
2026-03-01,mortgage assistance,core_distress,65,2026-09-09 11:11:56.080316+00:00
2026-04-01,mortgage assistance,core_distress,64,2026-09-09 11:11:56.080316+00:00
2026-05-01,mortgage assistance,core_distress,67,2026-09-09 11:11:56.080316+00:00
2026-06-01,mortgage assistance,core_distress,74,2026-09-09 11:11:56.080316+00:00
2026-07-01,mortgage assistance,core_distress,57,2026-09-09 11:11:56.080316+00:00
2026-08-01,mortgage assistance,core_distress,46,2026-09-09 11:11:56.080316+00:00
2004-01-01,mortgage forbearance,covid_policy,0,2026-09-09 11:11:56.080316+00:00
2004-02-01,mortgage forbearance,covid_policy,0,2026-09-09 11:11:56.080316+00:00
2004-03-01,mortgage forbearance,covid_policy,0,2026-09-09 11:11:56.080316+00:00
2004-04-01,mortgage forbearance,covid_policy,0,2026-09-09 11:11:56.080316+00:00
2004-05-01,mortgage forbearance,covid_policy,0,2026-09-09 11:11:56.080316+00:00
2004-06-01,mortgage forbearance,covid_policy,0,2026-09-09 11:11:56.080316+00:00
2004-07-01,mortgage forbearance,covid_policy,0,2026-09-09 11:11:56.080316+00:00
2004-08-01,mortgage forbearance,covid_policy,0,2026-09-09 11:11:56.080316+00:00
2004-09-01,mortgage forbearance,covid_policy,0,2026-09-09 11:11:56.080316+00:00
2004-10-01,mortgage forbearance,covid_policy,0,2026-09-09 11:11:56.080316+00:00
2004-11-01,mortgage forbearance,covid_policy,0,2026-09-09 11:11:56.080316+00:00
2004-12-01,mortgage forbearance,covid_policy,0,2026-09-09 11:11:56.080316+00:00
2005-01-01,mortgage forbearance,covid_policy,0,2026-09-09 11:11:56.080316+00:00
2005-02-01,mortgage forbearance,covid_policy,0,2026-09-09 11:11:56.080316+00:00
2005-03-01,mortgage forbearance,covid_policy,0,2026-09-09 11:11:56.080316+00:00
2005-04-01,mortgage forbearance,covid_policy,0,2026-09-09 11:11:56.080316+00:00
2005-05-01,mortgage forbearance,covid_policy,0,2026-09-09 11:11:56.080316+00:00
2005-06-01,mortgage forbearance,covid_policy,0,2026-09-09 11:11:56.080316+00:00
2005-07-01,mortgage forbearance,covid_policy,0,2026-09-09 11:11:56.080316+00:00
2005-08-01,mortgage forbearance,covid_policy,0,2026-09-09 11:11:56.080316+00:00
2005-09-01,mortgage forbearance,covid_policy,0,2026-09-09 11:11:56.080316+00:00
2005-10-01,mortgage forbearance,covid_policy,0,2026-09-09 11:11:56.080316+00:00
2005-11-01,mortgage forbearance,covid_policy,0,2026-09-09 11:11:56.080316+00:00
2005-12-01,mortgage forbearance,covid_policy,0,2026-09-09 11:11:56.080316+00:00
2006-01-01,mortgage forbearance,covid_policy,0,2026-09-09 11:11:56.080316+00:00
2006-02-01,mortgage forbearance,covid_policy,0,2026-09-09 11:11:56.080316+00:00
2006-03-01,mortgage forbearance,covid_policy,0,2026-09-09 11:11:56.080316+00:00
2006-04-01,mortgage forbearance,covid_policy,0,2026-09-09 11:11:56.080316+00:00
2006-05-01,mortgage forbearance,covid_policy,0,2026-09-09 11:11:56.080316+00:00
2006-06-01,mortgage forbearance,covid_policy,0,2026-09-09 11:11:56.080316+00:00
2006-07-01,mortgage forbearance,covid_policy,0,2026-09-09 11:11:56.080316+00:00
2006-08-01,mortgage forbearance,covid_policy,0,2026-09-09 11:11:56.080316+00:00
2006-09-01,mortgage forbearance,covid_policy,0,2026-09-09 11:11:56.080316+00:00
2006-10-01,mortgage forbearance,covid_policy,0,2026-09-09 11:11:56.080316+00:00
2006-11-01,mortgage forbearance,covid_policy,0,2026-09-09 11:11:56.080316+00:00
2006-12-01,mortgage forbearance,covid_policy,0,2026-09-09 11:11:56.080316+00:00
2007-01-01,mortgage forbearance,covid_policy,0,2026-09-09 11:11:56.080316+00:00
2007-02-01,mortgage forbearance,covid_policy,0,2026-09-09 11:11:56.080316+00:00
2007-03-01,mortgage forbearance,covid_policy,0,2026-09-09 11:11:56.080316+00:00
2007-04-01,mortgage forbearance,covid_policy,0,2026-09-09 11:11:56.080316+00:00
2007-05-01,mortgage forbearance,covid_policy,0,2026-09-09 11:11:56.080316+00:00
2007-06-01,mortgage forbearance,covid_policy,0,2026-09-09 11:11:56.080316+00:00
2007-07-01,mortgage forbearance,covid_policy,0,2026-09-09 11:11:56.080316+00:00
2007-08-01,mortgage forbearance,covid_policy,0,2026-09-09 11:11:56.080316+00:00
2007-09-01,mortgage forbearance,covid_policy,0,2026-09-09 11:11:56.080316+00:00
2007-10-01,mortgage forbearance,covid_policy,2,2026-09-09 11:11:56.080316+00:00
2007-11-01,mortgage forbearance,covid_policy,0,2026-09-09 11:11:56.080316+00:00
2007-12-01,mortgage forbearance,covid_policy,0,2026-09-09 11:11:56.080316+00:00
2008-01-01,mortgage forbearance,covid_policy,0,2026-09-09 11:11:56.080316+00:00
2008-02-01,mortgage forbearance,covid_policy,2,2026-09-09 11:11:56.080316+00:00
2008-03-01,mortgage forbearance,covid_policy,2,2026-09-09 11:11:56.080316+00:00
2008-04-01,mortgage forbearance,covid_policy,2,2026-09-09 11:11:56.080316+00:00
2008-05-01,mortgage forbearance,covid_policy,2,2026-09-09 11:11:56.080316+00:00
2008-06-01,mortgage forbearance,covid_policy,2,2026-09-09 11:11:56.080316+00:00
2008-07-01,mortgage forbearance,covid_policy,2,2026-09-09 11:11:56.080316+00:00
2008-08-01,mortgage forbearance,covid_policy,0,2026-09-09 11:11:56.080316+00:00
2008-09-01,mortgage forbearance,covid_policy,4,2026-09-09 11:11:56.080316+00:00
2008-10-01,mortgage forbearance,covid_policy,2,2026-09-09 11:11:56.080316+00:00
2008-11-01,mortgage forbearance,covid_policy,2,2026-09-09 11:11:56.080316+00:00
2008-12-01,mortgage forbearance,covid_policy,3,2026-09-09 11:11:56.080316+00:00
2009-01-01,mortgage forbearance,covid_policy,3,2026-09-09 11:11:56.080316+00:00
2009-02-01,mortgage forbearance,covid_policy,2,2026-09-09 11:11:56.080316+00:00
2009-03-01,mortgage forbearance,covid_policy,2,2026-09-09 11:11:56.080316+00:00
2009-04-01,mortgage forbearance,covid_policy,2,2026-09-09 11:11:56.080316+00:00
2009-05-01,mortgage forbearance,covid_policy,3,2026-09-09 11:11:56.080316+00:00
2009-06-01,mortgage forbearance,covid_policy,3,2026-09-09 11:11:56.080316+00:00
2009-07-01,mortgage forbearance,covid_policy,2,2026-09-09 11:11:56.080316+00:00
2009-08-01,mortgage forbearance,covid_policy,3,2026-09-09 11:11:56.080316+00:00
2009-09-01,mortgage forbearance,covid_policy,3,2026-09-09 11:11:56.080316+00:00
2009-10-01,mortgage forbearance,covid_policy,4,2026-09-09 11:11:56.080316+00:00
2009-11-01,mortgage forbearance,covid_policy,2,2026-09-09 11:11:56.080316+00:00
2009-12-01,mortgage forbearance,covid_policy,3,2026-09-09 11:11:56.080316+00:00
2010-01-01,mortgage forbearance,covid_policy,2,2026-09-09 11:11:56.080316+00:00
2010-02-01,mortgage forbearance,covid_policy,2,2026-09-09 11:11:56.080316+00:00
2010-03-01,mortgage forbearance,covid_policy,2,2026-09-09 11:11:56.080316+00:00
2010-04-01,mortgage forbearance,covid_policy,2,2026-09-09 11:11:56.080316+00:00
2010-05-01,mortgage forbearance,covid_policy,2,2026-09-09 11:11:56.080316+00:00
2010-06-01,mortgage forbearance,covid_policy,3,2026-09-09 11:11:56.080316+00:00
2010-07-01,mortgage forbearance,covid_policy,3,2026-09-09 11:11:56.080316+00:00
2010-08-01,mortgage forbearance,covid_policy,2,2026-09-09 11:11:56.080316+00:00
2010-09-01,mortgage forbearance,covid_policy,2,2026-09-09 11:11:56.080316+00:00
2010-10-01,mortgage forbearance,covid_policy,2,2026-09-09 11:11:56.080316+00:00
2010-11-01,mortgage forbearance,covid_policy,2,2026-09-09 11:11:56.080316+00:00
2010-12-01,mortgage forbearance,covid_policy,1,2026-09-09 11:11:56.080316+00:00
2011-01-01,mortgage forbearance,covid_policy,2,2026-09-09 11:11:56.080316+00:00
2011-02-01,mortgage forbearance,covid_policy,1,2026-09-09 11:11:56.080316+00:00
2011-03-01,mortgage forbearance,covid_policy,2,2026-09-09 11:11:56.080316+00:00
2011-04-01,mortgage forbearance,covid_policy,2,2026-09-09 11:11:56.080316+00:00
2011-05-01,mortgage forbearance,covid_policy,2,2026-09-09 11:11:56.080316+00:00
2011-06-01,mortgage forbearance,covid_policy,2,2026-09-09 11:11:56.080316+00:00
2011-07-01,mortgage forbearance,covid_policy,2,2026-09-09 11:11:56.080316+00:00
2011-08-01,mortgage forbearance,covid_policy,2,2026-09-09 11:11:56.080316+00:00
2011-09-01,mortgage forbearance,covid_policy,2,2026-09-09 11:11:56.080316+00:00
2011-10-01,mortgage forbearance,covid_policy,1,2026-09-09 11:11:56.080316+00:00
2011-11-01,mortgage forbearance,covid_policy,2,2026-09-09 11:11:56.080316+00:00
2011-12-01,mortgage forbearance,covid_policy,1,2026-09-09 11:11:56.080316+00:00
2012-01-01,mortgage forbearance,covid_policy,2,2026-09-09 11:11:56.080316+00:00
2012-02-01,mortgage forbearance,covid_policy,2,2026-09-09 11:11:56.080316+00:00
2012-03-01,mortgage forbearance,covid_policy,1,2026-09-09 11:11:56.080316+00:00
2012-04-01,mortgage forbearance,covid_policy,2,2026-09-09 11:11:56.080316+00:00
2012-05-01,mortgage forbearance,covid_policy,2,2026-09-09 11:11:56.080316+00:00
2012-06-01,mortgage forbearance,covid_policy,2,2026-09-09 11:11:56.080316+00:00
2012-07-01,mortgage forbearance,covid_policy,2,2026-09-09 11:11:56.080316+00:00
2012-08-01,mortgage forbearance,covid_policy,2,2026-09-09 11:11:56.080316+00:00
2012-09-01,mortgage forbearance,covid_policy,2,2026-09-09 11:11:56.080316+00:00
2012-10-01,mortgage forbearance,covid_policy,2,2026-09-09 11:11:56.080316+00:00
2012-11-01,mortgage forbearance,covid_policy,2,2026-09-09 11:11:56.080316+00:00
2012-12-01,mortgage forbearance,covid_policy,1,2026-09-09 11:11:56.080316+00:00
2013-01-01,mortgage forbearance,covid_policy,1,2026-09-09 11:11:56.080316+00:00
2013-02-01,mortgage forbearance,covid_policy,2,2026-09-09 11:11:56.080316+00:00
2013-03-01,mortgage forbearance,covid_policy,2,2026-09-09 11:11:56.080316+00:00
2013-04-01,mortgage forbearance,covid_policy,2,2026-09-09 11:11:56.080316+00:00
2013-05-01,mortgage forbearance,covid_policy,1,2026-09-09 11:11:56.080316+00:00
2013-06-01,mortgage forbearance,covid_policy,1,2026-09-09 11:11:56.080316+00:00
2013-07-01,mortgage forbearance,covid_policy,2,2026-09-09 11:11:56.080316+00:00
2013-08-01,mortgage forbearance,covid_policy,1,2026-09-09 11:11:56.080316+00:00
2013-09-01,mortgage forbearance,covid_policy,2,2026-09-09 11:11:56.080316+00:00
2013-10-01,mortgage forbearance,covid_policy,2,2026-09-09 11:11:56.080316+00:00
2013-11-01,mortgage forbearance,covid_policy,2,2026-09-09 11:11:56.080316+00:00
2013-12-01,mortgage forbearance,covid_policy,1,2026-09-09 11:11:56.080316+00:00
2014-01-01,mortgage forbearance,covid_policy,1,2026-09-09 11:11:56.080316+00:00
2014-02-01,mortgage forbearance,covid_policy,1,2026-09-09 11:11:56.080316+00:00
2014-03-01,mortgage forbearance,covid_policy,1,2026-09-09 11:11:56.080316+00:00
2014-04-01,mortgage forbearance,covid_policy,1,2026-09-09 11:11:56.080316+00:00
2014-05-01,mortgage forbearance,covid_policy,2,2026-09-09 11:11:56.080316+00:00
2014-06-01,mortgage forbearance,covid_policy,2,2026-09-09 11:11:56.080316+00:00
2014-07-01,mortgage forbearance,covid_policy,1,2026-09-09 11:11:56.080316+00:00
2014-08-01,mortgage forbearance,covid_policy,1,2026-09-09 11:11:56.080316+00:00
2014-09-01,mortgage forbearance,covid_policy,1,2026-09-09 11:11:56.080316+00:00
2014-10-01,mortgage forbearance,covid_policy,1,2026-09-09 11:11:56.080316+00:00
2014-11-01,mortgage forbearance,covid_policy,1,2026-09-09 11:11:56.080316+00:00
2014-12-01,mortgage forbearance,covid_policy,1,2026-09-09 11:11:56.080316+00:00
2015-01-01,mortgage forbearance,covid_policy,1,2026-09-09 11:11:56.080316+00:00
2015-02-01,mortgage forbearance,covid_policy,1,2026-09-09 11:11:56.080316+00:00
2015-03-01,mortgage forbearance,covid_policy,1,2026-09-09 11:11:56.080316+00:00
2015-04-01,mortgage forbearance,covid_policy,1,2026-09-09 11:11:56.080316+00:00
2015-05-01,mortgage forbearance,covid_policy,1,2026-09-09 11:11:56.080316+00:00
2015-06-01,mortgage forbearance,covid_policy,1,2026-09-09 11:11:56.080316+00:00
2015-07-01,mortgage forbearance,covid_policy,1,2026-09-09 11:11:56.080316+00:00
2015-08-01,mortgage forbearance,covid_policy,1,2026-09-09 11:11:56.080316+00:00
2015-09-01,mortgage forbearance,covid_policy,1,2026-09-09 11:11:56.080316+00:00
2015-10-01,mortgage forbearance,covid_policy,2,2026-09-09 11:11:56.080316+00:00
2015-11-01,mortgage forbearance,covid_policy,1,2026-09-09 11:11:56.080316+00:00
2015-12-01,mortgage forbearance,covid_policy,1,2026-09-09 11:11:56.080316+00:00
2016-01-01,mortgage forbearance,covid_policy,1,2026-09-09 11:11:56.080316+00:00
2016-02-01,mortgage forbearance,covid_policy,1,2026-09-09 11:11:56.080316+00:00
2016-03-01,mortgage forbearance,covid_policy,1,2026-09-09 11:11:56.080316+00:00
2016-04-01,mortgage forbearance,covid_policy,1,2026-09-09 11:11:56.080316+00:00
2016-05-01,mortgage forbearance,covid_policy,1,2026-09-09 11:11:56.080316+00:00
2016-06-01,mortgage forbearance,covid_policy,1,2026-09-09 11:11:56.080316+00:00
2016-07-01,mortgage forbearance,covid_policy,1,2026-09-09 11:11:56.080316+00:00
2016-08-01,mortgage forbearance,covid_policy,1,2026-09-09 11:11:56.080316+00:00
2016-09-01,mortgage forbearance,covid_policy,1,2026-09-09 11:11:56.080316+00:00
2016-10-01,mortgage forbearance,covid_policy,1,2026-09-09 11:11:56.080316+00:00
2016-11-01,mortgage forbearance,covid_policy,1,2026-09-09 11:11:56.080316+00:00
2016-12-01,mortgage forbearance,covid_policy,1,2026-09-09 11:11:56.080316+00:00
2017-01-01,mortgage forbearance,covid_policy,1,2026-09-09 11:11:56.080316+00:00
2017-02-01,mortgage forbearance,covid_policy,1,2026-09-09 11:11:56.080316+00:00
2017-03-01,mortgage forbearance,covid_policy,1,2026-09-09 11:11:56.080316+00:00
2017-04-01,mortgage forbearance,covid_policy,1,2026-09-09 11:11:56.080316+00:00
2017-05-01,mortgage forbearance,covid_policy,2,2026-09-09 11:11:56.080316+00:00
2017-06-01,mortgage forbearance,covid_policy,1,2026-09-09 11:11:56.080316+00:00
2017-07-01,mortgage forbearance,covid_policy,1,2026-09-09 11:11:56.080316+00:00
2017-08-01,mortgage forbearance,covid_policy,2,2026-09-09 11:11:56.080316+00:00
2017-09-01,mortgage forbearance,covid_policy,17,2026-09-09 11:11:56.080316+00:00
2017-10-01,mortgage forbearance,covid_policy,4,2026-09-09 11:11:56.080316+00:00
2017-11-01,mortgage forbearance,covid_policy,3,2026-09-09 11:11:56.080316+00:00
2017-12-01,mortgage forbearance,covid_policy,2,2026-09-09 11:11:56.080316+00:00
2018-01-01,mortgage forbearance,covid_policy,2,2026-09-09 11:11:56.080316+00:00
2018-02-01,mortgage forbearance,covid_policy,2,2026-09-09 11:11:56.080316+00:00
2018-03-01,mortgage forbearance,covid_policy,2,2026-09-09 11:11:56.080316+00:00
2018-04-01,mortgage forbearance,covid_policy,2,2026-09-09 11:11:56.080316+00:00
2018-05-01,mortgage forbearance,covid_policy,2,2026-09-09 11:11:56.080316+00:00
2018-06-01,mortgage forbearance,covid_policy,2,2026-09-09 11:11:56.080316+00:00
2018-07-01,mortgage forbearance,covid_policy,2,2026-09-09 11:11:56.080316+00:00
2018-08-01,mortgage forbearance,covid_policy,2,2026-09-09 11:11:56.080316+00:00
2018-09-01,mortgage forbearance,covid_policy,2,2026-09-09 11:11:56.080316+00:00
2018-10-01,mortgage forbearance,covid_policy,2,2026-09-09 11:11:56.080316+00:00
2018-11-01,mortgage forbearance,covid_policy,2,2026-09-09 11:11:56.080316+00:00
2018-12-01,mortgage forbearance,covid_policy,2,2026-09-09 11:11:56.080316+00:00
2019-01-01,mortgage forbearance,covid_policy,3,2026-09-09 11:11:56.080316+00:00
2019-02-01,mortgage forbearance,covid_policy,2,2026-09-09 11:11:56.080316+00:00
2019-03-01,mortgage forbearance,covid_policy,2,2026-09-09 11:11:56.080316+00:00
2019-04-01,mortgage forbearance,covid_policy,2,2026-09-09 11:11:56.080316+00:00
2019-05-01,mortgage forbearance,covid_policy,1,2026-09-09 11:11:56.080316+00:00
2019-06-01,mortgage forbearance,covid_policy,2,2026-09-09 11:11:56.080316+00:00
2019-07-01,mortgage forbearance,covid_policy,2,2026-09-09 11:11:56.080316+00:00
2019-08-01,mortgage forbearance,covid_policy,2,2026-09-09 11:11:56.080316+00:00
2019-09-01,mortgage forbearance,covid_policy,1,2026-09-09 11:11:56.080316+00:00
2019-10-01,mortgage forbearance,covid_policy,1,2026-09-09 11:11:56.080316+00:00
2019-11-01,mortgage forbearance,covid_policy,1,2026-09-09 11:11:56.080316+00:00
2019-12-01,mortgage forbearance,covid_policy,2,2026-09-09 11:11:56.080316+00:00
2020-01-01,mortgage forbearance,covid_policy,2,2026-09-09 11:11:56.080316+00:00
2020-02-01,mortgage forbearance,covid_policy,2,2026-09-09 11:11:56.080316+00:00
2020-03-01,mortgage forbearance,covid_policy,57,2026-09-09 11:11:56.080316+00:00
2020-04-01,mortgage forbearance,covid_policy,100,2026-09-09 11:11:56.080316+00:00
2020-05-01,mortgage forbearance,covid_policy,42,2026-09-09 11:11:56.080316+00:00
2020-06-01,mortgage forbearance,covid_policy,29,2026-09-09 11:11:56.080316+00:00
2020-07-01,mortgage forbearance,covid_policy,28,2026-09-09 11:11:56.080316+00:00
2020-08-01,mortgage forbearance,covid_policy,22,2026-09-09 11:11:56.080316+00:00
2020-09-01,mortgage forbearance,covid_policy,21,2026-09-09 11:11:56.080316+00:00
2020-10-01,mortgage forbearance,covid_policy,18,2026-09-09 11:11:56.080316+00:00
2020-11-01,mortgage forbearance,covid_policy,15,2026-09-09 11:11:56.080316+00:00
2020-12-01,mortgage forbearance,covid_policy,21,2026-09-09 11:11:56.080316+00:00
2021-01-01,mortgage forbearance,covid_policy,22,2026-09-09 11:11:56.080316+00:00
2021-02-01,mortgage forbearance,covid_policy,27,2026-09-09 11:11:56.080316+00:00
2021-03-01,mortgage forbearance,covid_policy,25,2026-09-09 11:11:56.080316+00:00
2021-04-01,mortgage forbearance,covid_policy,23,2026-09-09 11:11:56.080316+00:00
2021-05-01,mortgage forbearance,covid_policy,19,2026-09-09 11:11:56.080316+00:00
2021-06-01,mortgage forbearance,covid_policy,20,2026-09-09 11:11:56.080316+00:00
2021-07-01,mortgage forbearance,covid_policy,21,2026-09-09 11:11:56.080316+00:00
2021-08-01,mortgage forbearance,covid_policy,20,2026-09-09 11:11:56.080316+00:00
2021-09-01,mortgage forbearance,covid_policy,19,2026-09-09 11:11:56.080316+00:00
2021-10-01,mortgage forbearance,covid_policy,12,2026-09-09 11:11:56.080316+00:00
2021-11-01,mortgage forbearance,covid_policy,9,2026-09-09 11:11:56.080316+00:00
2021-12-01,mortgage forbearance,covid_policy,9,2026-09-09 11:11:56.080316+00:00
2022-01-01,mortgage forbearance,covid_policy,10,2026-09-09 11:11:56.080316+00:00
2022-02-01,mortgage forbearance,covid_policy,10,2026-09-09 11:11:56.080316+00:00
2022-03-01,mortgage forbearance,covid_policy,9,2026-09-09 11:11:56.080316+00:00
2022-04-01,mortgage forbearance,covid_policy,8,2026-09-09 11:11:56.080316+00:00
2022-05-01,mortgage forbearance,covid_policy,7,2026-09-09 11:11:56.080316+00:00
2022-06-01,mortgage forbearance,covid_policy,6,2026-09-09 11:11:56.080316+00:00
2022-07-01,mortgage forbearance,covid_policy,7,2026-09-09 11:11:56.080316+00:00
2022-08-01,mortgage forbearance,covid_policy,7,2026-09-09 11:11:56.080316+00:00
2022-09-01,mortgage forbearance,covid_policy,6,2026-09-09 11:11:56.080316+00:00
2022-10-01,mortgage forbearance,covid_policy,7,2026-09-09 11:11:56.080316+00:00
2022-11-01,mortgage forbearance,covid_policy,5,2026-09-09 11:11:56.080316+00:00
2022-12-01,mortgage forbearance,covid_policy,5,2026-09-09 11:11:56.080316+00:00
2023-01-01,mortgage forbearance,covid_policy,6,2026-09-09 11:11:56.080316+00:00
2023-02-01,mortgage forbearance,covid_policy,5,2026-09-09 11:11:56.080316+00:00
2023-03-01,mortgage forbearance,covid_policy,5,2026-09-09 11:11:56.080316+00:00
2023-04-01,mortgage forbearance,covid_policy,6,2026-09-09 11:11:56.080316+00:00
2023-05-01,mortgage forbearance,covid_policy,5,2026-09-09 11:11:56.080316+00:00
2023-06-01,mortgage forbearance,covid_policy,6,2026-09-09 11:11:56.080316+00:00
2023-07-01,mortgage forbearance,covid_policy,6,2026-09-09 11:11:56.080316+00:00
2023-08-01,mortgage forbearance,covid_policy,5,2026-09-09 11:11:56.080316+00:00
2023-09-01,mortgage forbearance,covid_policy,5,2026-09-09 11:11:56.080316+00:00
2023-10-01,mortgage forbearance,covid_policy,5,2026-09-09 11:11:56.080316+00:00
2023-11-01,mortgage forbearance,covid_policy,6,2026-09-09 11:11:56.080316+00:00
2023-12-01,mortgage forbearance,covid_policy,4,2026-09-09 11:11:56.080316+00:00
2024-01-01,mortgage forbearance,covid_policy,5,2026-09-09 11:11:56.080316+00:00
2024-02-01,mortgage forbearance,covid_policy,5,2026-09-09 11:11:56.080316+00:00
2024-03-01,mortgage forbearance,covid_policy,4,2026-09-09 11:11:56.080316+00:00
2024-04-01,mortgage forbearance,covid_policy,4,2026-09-09 11:11:56.080316+00:00
2024-05-01,mortgage forbearance,covid_policy,4,2026-09-09 11:11:56.080316+00:00
2024-06-01,mortgage forbearance,covid_policy,4,2026-09-09 11:11:56.080316+00:00
2024-07-01,mortgage forbearance,covid_policy,5,2026-09-09 11:11:56.080316+00:00
2024-08-01,mortgage forbearance,covid_policy,5,2026-09-09 11:11:56.080316+00:00
2024-09-01,mortgage forbearance,covid_policy,6,2026-09-09 11:11:56.080316+00:00
2024-10-01,mortgage forbearance,covid_policy,6,2026-09-09 11:11:56.080316+00:00
2024-11-01,mortgage forbearance,covid_policy,5,2026-09-09 11:11:56.080316+00:00
2024-12-01,mortgage forbearance,covid_policy,5,2026-09-09 11:11:56.080316+00:00
2025-01-01,mortgage forbearance,covid_policy,7,2026-09-09 11:11:56.080316+00:00
2025-02-01,mortgage forbearance,covid_policy,5,2026-09-09 11:11:56.080316+00:00
2025-03-01,mortgage forbearance,covid_policy,7,2026-09-09 11:11:56.080316+00:00
2025-04-01,mortgage forbearance,covid_policy,5,2026-09-09 11:11:56.080316+00:00
2025-05-01,mortgage forbearance,covid_policy,5,2026-09-09 11:11:56.080316+00:00
2025-06-01,mortgage forbearance,covid_policy,6,2026-09-09 11:11:56.080316+00:00
2025-07-01,mortgage forbearance,covid_policy,7,2026-09-09 11:11:56.080316+00:00
2025-08-01,mortgage forbearance,covid_policy,6,2026-09-09 11:11:56.080316+00:00
2025-09-01,mortgage forbearance,covid_policy,6,2026-09-09 11:11:56.080316+00:00
2025-10-01,mortgage forbearance,covid_policy,8,2026-09-09 11:11:56.080316+00:00
2025-11-01,mortgage forbearance,covid_policy,7,2026-09-09 11:11:56.080316+00:00
2025-12-01,mortgage forbearance,covid_policy,7,2026-09-09 11:11:56.080316+00:00
2026-01-01,mortgage forbearance,covid_policy,7,2026-09-09 11:11:56.080316+00:00
2026-02-01,mortgage forbearance,covid_policy,7,2026-09-09 11:11:56.080316+00:00
2026-03-01,mortgage forbearance,covid_policy,8,2026-09-09 11:11:56.080316+00:00
2026-04-01,mortgage forbearance,covid_policy,8,2026-09-09 11:11:56.080316+00:00
2026-05-01,mortgage forbearance,covid_policy,8,2026-09-09 11:11:56.080316+00:00
2026-06-01,mortgage forbearance,covid_policy,7,2026-09-09 11:11:56.080316+00:00
2026-07-01,mortgage forbearance,covid_policy,6,2026-09-09 11:11:56.080316+00:00
2026-08-01,mortgage forbearance,covid_policy,6,2026-09-09 11:11:56.080316+00:00
2004-01-01,foreclosure,broad_foreclosure,34,2026-09-09 11:11:56.080316+00:00
2004-02-01,foreclosure,broad_foreclosure,30,2026-09-09 11:11:56.080316+00:00
2004-03-01,foreclosure,broad_foreclosure,30,2026-09-09 11:11:56.080316+00:00
2004-04-01,foreclosure,broad_foreclosure,33,2026-09-09 11:11:56.080316+00:00
2004-05-01,foreclosure,broad_foreclosure,31,2026-09-09 11:11:56.080316+00:00
2004-06-01,foreclosure,broad_foreclosure,32,2026-09-09 11:11:56.080316+00:00
2004-07-01,foreclosure,broad_foreclosure,34,2026-09-09 11:11:56.080316+00:00
2004-08-01,foreclosure,broad_foreclosure,33,2026-09-09 11:11:56.080316+00:00
2004-09-01,foreclosure,broad_foreclosure,28,2026-09-09 11:11:56.080316+00:00
2004-10-01,foreclosure,broad_foreclosure,26,2026-09-09 11:11:56.080316+00:00
2004-11-01,foreclosure,broad_foreclosure,25,2026-09-09 11:11:56.080316+00:00
2004-12-01,foreclosure,broad_foreclosure,26,2026-09-09 11:11:56.080316+00:00
2005-01-01,foreclosure,broad_foreclosure,33,2026-09-09 11:11:56.080316+00:00
2005-02-01,foreclosure,broad_foreclosure,33,2026-09-09 11:11:56.080316+00:00
2005-03-01,foreclosure,broad_foreclosure,33,2026-09-09 11:11:56.080316+00:00
2005-04-01,foreclosure,broad_foreclosure,32,2026-09-09 11:11:56.080316+00:00
2005-05-01,foreclosure,broad_foreclosure,33,2026-09-09 11:11:56.080316+00:00
2005-06-01,foreclosure,broad_foreclosure,34,2026-09-09 11:11:56.080316+00:00
2005-07-01,foreclosure,broad_foreclosure,35,2026-09-09 11:11:56.080316+00:00
2005-08-01,foreclosure,broad_foreclosure,33,2026-09-09 11:11:56.080316+00:00
2005-09-01,foreclosure,broad_foreclosure,26,2026-09-09 11:11:56.080316+00:00
2005-10-01,foreclosure,broad_foreclosure,26,2026-09-09 11:11:56.080316+00:00
2005-11-01,foreclosure,broad_foreclosure,23,2026-09-09 11:11:56.080316+00:00
2005-12-01,foreclosure,broad_foreclosure,21,2026-09-09 11:11:56.080316+00:00
2006-01-01,foreclosure,broad_foreclosure,31,2026-09-09 11:11:56.080316+00:00
2006-02-01,foreclosure,broad_foreclosure,29,2026-09-09 11:11:56.080316+00:00
2006-03-01,foreclosure,broad_foreclosure,28,2026-09-09 11:11:56.080316+00:00
2006-04-01,foreclosure,broad_foreclosure,29,2026-09-09 11:11:56.080316+00:00
2006-05-01,foreclosure,broad_foreclosure,29,2026-09-09 11:11:56.080316+00:00
2006-06-01,foreclosure,broad_foreclosure,29,2026-09-09 11:11:56.080316+00:00
2006-07-01,foreclosure,broad_foreclosure,33,2026-09-09 11:11:56.080316+00:00
2006-08-01,foreclosure,broad_foreclosure,35,2026-09-09 11:11:56.080316+00:00
2006-09-01,foreclosure,broad_foreclosure,30,2026-09-09 11:11:56.080316+00:00
2006-10-01,foreclosure,broad_foreclosure,29,2026-09-09 11:11:56.080316+00:00
2006-11-01,foreclosure,broad_foreclosure,28,2026-09-09 11:11:56.080316+00:00
2006-12-01,foreclosure,broad_foreclosure,30,2026-09-09 11:11:56.080316+00:00
2007-01-01,foreclosure,broad_foreclosure,34,2026-09-09 11:11:56.080316+00:00
2007-02-01,foreclosure,broad_foreclosure,37,2026-09-09 11:11:56.080316+00:00
2007-03-01,foreclosure,broad_foreclosure,49,2026-09-09 11:11:56.080316+00:00
2007-04-01,foreclosure,broad_foreclosure,47,2026-09-09 11:11:56.080316+00:00
2007-05-01,foreclosure,broad_foreclosure,45,2026-09-09 11:11:56.080316+00:00
2007-06-01,foreclosure,broad_foreclosure,50,2026-09-09 11:11:56.080316+00:00
2007-07-01,foreclosure,broad_foreclosure,49,2026-09-09 11:11:56.080316+00:00
2007-08-01,foreclosure,broad_foreclosure,59,2026-09-09 11:11:56.080316+00:00
2007-09-01,foreclosure,broad_foreclosure,54,2026-09-09 11:11:56.080316+00:00
2007-10-01,foreclosure,broad_foreclosure,52,2026-09-09 11:11:56.080316+00:00
2007-11-01,foreclosure,broad_foreclosure,53,2026-09-09 11:11:56.080316+00:00
2007-12-01,foreclosure,broad_foreclosure,47,2026-09-09 11:11:56.080316+00:00
2008-01-01,foreclosure,broad_foreclosure,72,2026-09-09 11:11:56.080316+00:00
2008-02-01,foreclosure,broad_foreclosure,73,2026-09-09 11:11:56.080316+00:00
2008-03-01,foreclosure,broad_foreclosure,82,2026-09-09 11:11:56.080316+00:00
2008-04-01,foreclosure,broad_foreclosure,80,2026-09-09 11:11:56.080316+00:00
2008-05-01,foreclosure,broad_foreclosure,72,2026-09-09 11:11:56.080316+00:00
2008-06-01,foreclosure,broad_foreclosure,80,2026-09-09 11:11:56.080316+00:00
2008-07-01,foreclosure,broad_foreclosure,88,2026-09-09 11:11:56.080316+00:00
2008-08-01,foreclosure,broad_foreclosure,77,2026-09-09 11:11:56.080316+00:00
2008-09-01,foreclosure,broad_foreclosure,75,2026-09-09 11:11:56.080316+00:00
2008-10-01,foreclosure,broad_foreclosure,81,2026-09-09 11:11:56.080316+00:00
2008-11-01,foreclosure,broad_foreclosure,67,2026-09-09 11:11:56.080316+00:00
2008-12-01,foreclosure,broad_foreclosure,67,2026-09-09 11:11:56.080316+00:00
2009-01-01,foreclosure,broad_foreclosure,85,2026-09-09 11:11:56.080316+00:00
2009-02-01,foreclosure,broad_foreclosure,100,2026-09-09 11:11:56.080316+00:00
2009-03-01,foreclosure,broad_foreclosure,93,2026-09-09 11:11:56.080316+00:00
2009-04-01,foreclosure,broad_foreclosure,75,2026-09-09 11:11:56.080316+00:00
2009-05-01,foreclosure,broad_foreclosure,71,2026-09-09 11:11:56.080316+00:00
2009-06-01,foreclosure,broad_foreclosure,71,2026-09-09 11:11:56.080316+00:00
2009-07-01,foreclosure,broad_foreclosure,70,2026-09-09 11:11:56.080316+00:00
2009-08-01,foreclosure,broad_foreclosure,68,2026-09-09 11:11:56.080316+00:00
2009-09-01,foreclosure,broad_foreclosure,60,2026-09-09 11:11:56.080316+00:00
2009-10-01,foreclosure,broad_foreclosure,59,2026-09-09 11:11:56.080316+00:00
2009-11-01,foreclosure,broad_foreclosure,53,2026-09-09 11:11:56.080316+00:00
2009-12-01,foreclosure,broad_foreclosure,49,2026-09-09 11:11:56.080316+00:00
2010-01-01,foreclosure,broad_foreclosure,64,2026-09-09 11:11:56.080316+00:00
2010-02-01,foreclosure,broad_foreclosure,67,2026-09-09 11:11:56.080316+00:00
2010-03-01,foreclosure,broad_foreclosure,65,2026-09-09 11:11:56.080316+00:00
2010-04-01,foreclosure,broad_foreclosure,61,2026-09-09 11:11:56.080316+00:00
2010-05-01,foreclosure,broad_foreclosure,59,2026-09-09 11:11:56.080316+00:00
2010-06-01,foreclosure,broad_foreclosure,64,2026-09-09 11:11:56.080316+00:00
2010-07-01,foreclosure,broad_foreclosure,56,2026-09-09 11:11:56.080316+00:00
2010-08-01,foreclosure,broad_foreclosure,58,2026-09-09 11:11:56.080316+00:00
2010-09-01,foreclosure,broad_foreclosure,53,2026-09-09 11:11:56.080316+00:00
2010-10-01,foreclosure,broad_foreclosure,73,2026-09-09 11:11:56.080316+00:00
2010-11-01,foreclosure,broad_foreclosure,50,2026-09-09 11:11:56.080316+00:00
2010-12-01,foreclosure,broad_foreclosure,44,2026-09-09 11:11:56.080316+00:00
2011-01-01,foreclosure,broad_foreclosure,71,2026-09-09 11:11:56.080316+00:00
2011-02-01,foreclosure,broad_foreclosure,65,2026-09-09 11:11:56.080316+00:00
2011-03-01,foreclosure,broad_foreclosure,62,2026-09-09 11:11:56.080316+00:00
2011-04-01,foreclosure,broad_foreclosure,60,2026-09-09 11:11:56.080316+00:00
2011-05-01,foreclosure,broad_foreclosure,59,2026-09-09 11:11:56.080316+00:00
2011-06-01,foreclosure,broad_foreclosure,62,2026-09-09 11:11:56.080316+00:00
2011-07-01,foreclosure,broad_foreclosure,58,2026-09-09 11:11:56.080316+00:00
2011-08-01,foreclosure,broad_foreclosure,57,2026-09-09 11:11:56.080316+00:00
2011-09-01,foreclosure,broad_foreclosure,53,2026-09-09 11:11:56.080316+00:00
2011-10-01,foreclosure,broad_foreclosure,50,2026-09-09 11:11:56.080316+00:00
2011-11-01,foreclosure,broad_foreclosure,45,2026-09-09 11:11:56.080316+00:00
2011-12-01,foreclosure,broad_foreclosure,44,2026-09-09 11:11:56.080316+00:00
2012-01-01,foreclosure,broad_foreclosure,55,2026-09-09 11:11:56.080316+00:00
2012-02-01,foreclosure,broad_foreclosure,56,2026-09-09 11:11:56.080316+00:00
2012-03-01,foreclosure,broad_foreclosure,50,2026-09-09 11:11:56.080316+00:00
2012-04-01,foreclosure,broad_foreclosure,47,2026-09-09 11:11:56.080316+00:00
2012-05-01,foreclosure,broad_foreclosure,45,2026-09-09 11:11:56.080316+00:00
2012-06-01,foreclosure,broad_foreclosure,43,2026-09-09 11:11:56.080316+00:00
2012-07-01,foreclosure,broad_foreclosure,46,2026-09-09 11:11:56.080316+00:00
2012-08-01,foreclosure,broad_foreclosure,45,2026-09-09 11:11:56.080316+00:00
2012-09-01,foreclosure,broad_foreclosure,41,2026-09-09 11:11:56.080316+00:00
2012-10-01,foreclosure,broad_foreclosure,37,2026-09-09 11:11:56.080316+00:00
2012-11-01,foreclosure,broad_foreclosure,36,2026-09-09 11:11:56.080316+00:00
2012-12-01,foreclosure,broad_foreclosure,33,2026-09-09 11:11:56.080316+00:00
2013-01-01,foreclosure,broad_foreclosure,44,2026-09-09 11:11:56.080316+00:00
2013-02-01,foreclosure,broad_foreclosure,40,2026-09-09 11:11:56.080316+00:00
2013-03-01,foreclosure,broad_foreclosure,42,2026-09-09 11:11:56.080316+00:00
2013-04-01,foreclosure,broad_foreclosure,49,2026-09-09 11:11:56.080316+00:00
2013-05-01,foreclosure,broad_foreclosure,39,2026-09-09 11:11:56.080316+00:00
2013-06-01,foreclosure,broad_foreclosure,37,2026-09-09 11:11:56.080316+00:00
2013-07-01,foreclosure,broad_foreclosure,36,2026-09-09 11:11:56.080316+00:00
2013-08-01,foreclosure,broad_foreclosure,33,2026-09-09 11:11:56.080316+00:00
2013-09-01,foreclosure,broad_foreclosure,31,2026-09-09 11:11:56.080316+00:00
2013-10-01,foreclosure,broad_foreclosure,30,2026-09-09 11:11:56.080316+00:00
2013-11-01,foreclosure,broad_foreclosure,28,2026-09-09 11:11:56.080316+00:00
2013-12-01,foreclosure,broad_foreclosure,26,2026-09-09 11:11:56.080316+00:00
2014-01-01,foreclosure,broad_foreclosure,32,2026-09-09 11:11:56.080316+00:00
2014-02-01,foreclosure,broad_foreclosure,32,2026-09-09 11:11:56.080316+00:00
2014-03-01,foreclosure,broad_foreclosure,32,2026-09-09 11:11:56.080316+00:00
2014-04-01,foreclosure,broad_foreclosure,31,2026-09-09 11:11:56.080316+00:00
2014-05-01,foreclosure,broad_foreclosure,30,2026-09-09 11:11:56.080316+00:00
2014-06-01,foreclosure,broad_foreclosure,30,2026-09-09 11:11:56.080316+00:00
2014-07-01,foreclosure,broad_foreclosure,30,2026-09-09 11:11:56.080316+00:00
2014-08-01,foreclosure,broad_foreclosure,29,2026-09-09 11:11:56.080316+00:00
2014-09-01,foreclosure,broad_foreclosure,27,2026-09-09 11:11:56.080316+00:00
2014-10-01,foreclosure,broad_foreclosure,27,2026-09-09 11:11:56.080316+00:00
2014-11-01,foreclosure,broad_foreclosure,23,2026-09-09 11:11:56.080316+00:00
2014-12-01,foreclosure,broad_foreclosure,22,2026-09-09 11:11:56.080316+00:00
2015-01-01,foreclosure,broad_foreclosure,28,2026-09-09 11:11:56.080316+00:00
2015-02-01,foreclosure,broad_foreclosure,25,2026-09-09 11:11:56.080316+00:00
2015-03-01,foreclosure,broad_foreclosure,28,2026-09-09 11:11:56.080316+00:00
2015-04-01,foreclosure,broad_foreclosure,27,2026-09-09 11:11:56.080316+00:00
2015-05-01,foreclosure,broad_foreclosure,26,2026-09-09 11:11:56.080316+00:00
2015-06-01,foreclosure,broad_foreclosure,26,2026-09-09 11:11:56.080316+00:00
2015-07-01,foreclosure,broad_foreclosure,28,2026-09-09 11:11:56.080316+00:00
2015-08-01,foreclosure,broad_foreclosure,28,2026-09-09 11:11:56.080316+00:00
2015-09-01,foreclosure,broad_foreclosure,24,2026-09-09 11:11:56.080316+00:00
2015-10-01,foreclosure,broad_foreclosure,23,2026-09-09 11:11:56.080316+00:00
2015-11-01,foreclosure,broad_foreclosure,20,2026-09-09 11:11:56.080316+00:00
2015-12-01,foreclosure,broad_foreclosure,20,2026-09-09 11:11:56.080316+00:00
2016-01-01,foreclosure,broad_foreclosure,27,2026-09-09 11:11:56.080316+00:00
2016-02-01,foreclosure,broad_foreclosure,29,2026-09-09 11:11:56.080316+00:00
2016-03-01,foreclosure,broad_foreclosure,28,2026-09-09 11:11:56.080316+00:00
2016-04-01,foreclosure,broad_foreclosure,28,2026-09-09 11:11:56.080316+00:00
2016-05-01,foreclosure,broad_foreclosure,27,2026-09-09 11:11:56.080316+00:00
2016-06-01,foreclosure,broad_foreclosure,25,2026-09-09 11:11:56.080316+00:00
2016-07-01,foreclosure,broad_foreclosure,25,2026-09-09 11:11:56.080316+00:00
2016-08-01,foreclosure,broad_foreclosure,25,2026-09-09 11:11:56.080316+00:00
2016-09-01,foreclosure,broad_foreclosure,23,2026-09-09 11:11:56.080316+00:00
2016-10-01,foreclosure,broad_foreclosure,21,2026-09-09 11:11:56.080316+00:00
2016-11-01,foreclosure,broad_foreclosure,21,2026-09-09 11:11:56.080316+00:00
2016-12-01,foreclosure,broad_foreclosure,19,2026-09-09 11:11:56.080316+00:00
2017-01-01,foreclosure,broad_foreclosure,26,2026-09-09 11:11:56.080316+00:00
2017-02-01,foreclosure,broad_foreclosure,25,2026-09-09 11:11:56.080316+00:00
2017-03-01,foreclosure,broad_foreclosure,26,2026-09-09 11:11:56.080316+00:00
2017-04-01,foreclosure,broad_foreclosure,25,2026-09-09 11:11:56.080316+00:00
2017-05-01,foreclosure,broad_foreclosure,23,2026-09-09 11:11:56.080316+00:00
2017-06-01,foreclosure,broad_foreclosure,24,2026-09-09 11:11:56.080316+00:00
2017-07-01,foreclosure,broad_foreclosure,24,2026-09-09 11:11:56.080316+00:00
2017-08-01,foreclosure,broad_foreclosure,24,2026-09-09 11:11:56.080316+00:00
2017-09-01,foreclosure,broad_foreclosure,21,2026-09-09 11:11:56.080316+00:00
2017-10-01,foreclosure,broad_foreclosure,20,2026-09-09 11:11:56.080316+00:00
2017-11-01,foreclosure,broad_foreclosure,19,2026-09-09 11:11:56.080316+00:00
2017-12-01,foreclosure,broad_foreclosure,18,2026-09-09 11:11:56.080316+00:00
2018-01-01,foreclosure,broad_foreclosure,23,2026-09-09 11:11:56.080316+00:00
2018-02-01,foreclosure,broad_foreclosure,24,2026-09-09 11:11:56.080316+00:00
2018-03-01,foreclosure,broad_foreclosure,23,2026-09-09 11:11:56.080316+00:00
2018-04-01,foreclosure,broad_foreclosure,22,2026-09-09 11:11:56.080316+00:00
2018-05-01,foreclosure,broad_foreclosure,21,2026-09-09 11:11:56.080316+00:00
2018-06-01,foreclosure,broad_foreclosure,21,2026-09-09 11:11:56.080316+00:00
2018-07-01,foreclosure,broad_foreclosure,21,2026-09-09 11:11:56.080316+00:00
2018-08-01,foreclosure,broad_foreclosure,21,2026-09-09 11:11:56.080316+00:00
2018-09-01,foreclosure,broad_foreclosure,20,2026-09-09 11:11:56.080316+00:00
2018-10-01,foreclosure,broad_foreclosure,20,2026-09-09 11:11:56.080316+00:00
2018-11-01,foreclosure,broad_foreclosure,18,2026-09-09 11:11:56.080316+00:00
2018-12-01,foreclosure,broad_foreclosure,18,2026-09-09 11:11:56.080316+00:00
2019-01-01,foreclosure,broad_foreclosure,23,2026-09-09 11:11:56.080316+00:00
2019-02-01,foreclosure,broad_foreclosure,23,2026-09-09 11:11:56.080316+00:00
2019-03-01,foreclosure,broad_foreclosure,22,2026-09-09 11:11:56.080316+00:00
2019-04-01,foreclosure,broad_foreclosure,22,2026-09-09 11:11:56.080316+00:00
2019-05-01,foreclosure,broad_foreclosure,23,2026-09-09 11:11:56.080316+00:00
2019-06-01,foreclosure,broad_foreclosure,21,2026-09-09 11:11:56.080316+00:00
2019-07-01,foreclosure,broad_foreclosure,22,2026-09-09 11:11:56.080316+00:00
2019-08-01,foreclosure,broad_foreclosure,21,2026-09-09 11:11:56.080316+00:00
2019-09-01,foreclosure,broad_foreclosure,19,2026-09-09 11:11:56.080316+00:00
2019-10-01,foreclosure,broad_foreclosure,19,2026-09-09 11:11:56.080316+00:00
2019-11-01,foreclosure,broad_foreclosure,18,2026-09-09 11:11:56.080316+00:00
2019-12-01,foreclosure,broad_foreclosure,18,2026-09-09 11:11:56.080316+00:00
2020-01-01,foreclosure,broad_foreclosure,23,2026-09-09 11:11:56.080316+00:00
2020-02-01,foreclosure,broad_foreclosure,22,2026-09-09 11:11:56.080316+00:00
2020-03-01,foreclosure,broad_foreclosure,19,2026-09-09 11:11:56.080316+00:00
2020-04-01,foreclosure,broad_foreclosure,18,2026-09-09 11:11:56.080316+00:00
2020-05-01,foreclosure,broad_foreclosure,21,2026-09-09 11:11:56.080316+00:00
2020-06-01,foreclosure,broad_foreclosure,22,2026-09-09 11:11:56.080316+00:00
2020-07-01,foreclosure,broad_foreclosure,22,2026-09-09 11:11:56.080316+00:00
2020-08-01,foreclosure,broad_foreclosure,21,2026-09-09 11:11:56.080316+00:00
2020-09-01,foreclosure,broad_foreclosure,18,2026-09-09 11:11:56.080316+00:00
2020-10-01,foreclosure,broad_foreclosure,17,2026-09-09 11:11:56.080316+00:00
2020-11-01,foreclosure,broad_foreclosure,15,2026-09-09 11:11:56.080316+00:00
2020-12-01,foreclosure,broad_foreclosure,15,2026-09-09 11:11:56.080316+00:00
2021-01-01,foreclosure,broad_foreclosure,18,2026-09-09 11:11:56.080316+00:00
2021-02-01,foreclosure,broad_foreclosure,17,2026-09-09 11:11:56.080316+00:00
2021-03-01,foreclosure,broad_foreclosure,17,2026-09-09 11:11:56.080316+00:00
2021-04-01,foreclosure,broad_foreclosure,17,2026-09-09 11:11:56.080316+00:00
2021-05-01,foreclosure,broad_foreclosure,16,2026-09-09 11:11:56.080316+00:00
2021-06-01,foreclosure,broad_foreclosure,16,2026-09-09 11:11:56.080316+00:00
2021-07-01,foreclosure,broad_foreclosure,17,2026-09-09 11:11:56.080316+00:00
2021-08-01,foreclosure,broad_foreclosure,15,2026-09-09 11:11:56.080316+00:00
2021-09-01,foreclosure,broad_foreclosure,14,2026-09-09 11:11:56.080316+00:00
2021-10-01,foreclosure,broad_foreclosure,14,2026-09-09 11:11:56.080316+00:00
2021-11-01,foreclosure,broad_foreclosure,13,2026-09-09 11:11:56.080316+00:00
2021-12-01,foreclosure,broad_foreclosure,12,2026-09-09 11:11:56.080316+00:00
2022-01-01,foreclosure,broad_foreclosure,16,2026-09-09 11:11:56.080316+00:00
2022-02-01,foreclosure,broad_foreclosure,18,2026-09-09 11:11:56.080316+00:00
2022-03-01,foreclosure,broad_foreclosure,18,2026-09-09 11:11:56.080316+00:00
2022-04-01,foreclosure,broad_foreclosure,16,2026-09-09 11:11:56.080316+00:00
2022-05-01,foreclosure,broad_foreclosure,15,2026-09-09 11:11:56.080316+00:00
2022-06-01,foreclosure,broad_foreclosure,14,2026-09-09 11:11:56.080316+00:00
2022-07-01,foreclosure,broad_foreclosure,15,2026-09-09 11:11:56.080316+00:00
2022-08-01,foreclosure,broad_foreclosure,15,2026-09-09 11:11:56.080316+00:00
2022-09-01,foreclosure,broad_foreclosure,14,2026-09-09 11:11:56.080316+00:00
2022-10-01,foreclosure,broad_foreclosure,13,2026-09-09 11:11:56.080316+00:00
2022-11-01,foreclosure,broad_foreclosure,13,2026-09-09 11:11:56.080316+00:00
2022-12-01,foreclosure,broad_foreclosure,12,2026-09-09 11:11:56.080316+00:00
2023-01-01,foreclosure,broad_foreclosure,15,2026-09-09 11:11:56.080316+00:00
2023-02-01,foreclosure,broad_foreclosure,16,2026-09-09 11:11:56.080316+00:00
2023-03-01,foreclosure,broad_foreclosure,16,2026-09-09 11:11:56.080316+00:00
2023-04-01,foreclosure,broad_foreclosure,15,2026-09-09 11:11:56.080316+00:00
2023-05-01,foreclosure,broad_foreclosure,14,2026-09-09 11:11:56.080316+00:00
2023-06-01,foreclosure,broad_foreclosure,15,2026-09-09 11:11:56.080316+00:00
2023-07-01,foreclosure,broad_foreclosure,15,2026-09-09 11:11:56.080316+00:00
2023-08-01,foreclosure,broad_foreclosure,15,2026-09-09 11:11:56.080316+00:00
2023-09-01,foreclosure,broad_foreclosure,14,2026-09-09 11:11:56.080316+00:00
2023-10-01,foreclosure,broad_foreclosure,14,2026-09-09 11:11:56.080316+00:00
2023-11-01,foreclosure,broad_foreclosure,14,2026-09-09 11:11:56.080316+00:00
2023-12-01,foreclosure,broad_foreclosure,13,2026-09-09 11:11:56.080316+00:00
2024-01-01,foreclosure,broad_foreclosure,14,2026-09-09 11:11:56.080316+00:00
2024-02-01,foreclosure,broad_foreclosure,15,2026-09-09 11:11:56.080316+00:00
2024-03-01,foreclosure,broad_foreclosure,14,2026-09-09 11:11:56.080316+00:00
2024-04-01,foreclosure,broad_foreclosure,14,2026-09-09 11:11:56.080316+00:00
2024-05-01,foreclosure,broad_foreclosure,16,2026-09-09 11:11:56.080316+00:00
2024-06-01,foreclosure,broad_foreclosure,14,2026-09-09 11:11:56.080316+00:00
2024-07-01,foreclosure,broad_foreclosure,14,2026-09-09 11:11:56.080316+00:00
2024-08-01,foreclosure,broad_foreclosure,14,2026-09-09 11:11:56.080316+00:00
2024-09-01,foreclosure,broad_foreclosure,13,2026-09-09 11:11:56.080316+00:00
2024-10-01,foreclosure,broad_foreclosure,12,2026-09-09 11:11:56.080316+00:00
2024-11-01,foreclosure,broad_foreclosure,12,2026-09-09 11:11:56.080316+00:00
2024-12-01,foreclosure,broad_foreclosure,12,2026-09-09 11:11:56.080316+00:00
2025-01-01,foreclosure,broad_foreclosure,14,2026-09-09 11:11:56.080316+00:00
2025-02-01,foreclosure,broad_foreclosure,15,2026-09-09 11:11:56.080316+00:00
2025-03-01,foreclosure,broad_foreclosure,15,2026-09-09 11:11:56.080316+00:00
2025-04-01,foreclosure,broad_foreclosure,15,2026-09-09 11:11:56.080316+00:00
2025-05-01,foreclosure,broad_foreclosure,14,2026-09-09 11:11:56.080316+00:00
2025-06-01,foreclosure,broad_foreclosure,16,2026-09-09 11:11:56.080316+00:00
2025-07-01,foreclosure,broad_foreclosure,18,2026-09-09 11:11:56.080316+00:00
2025-08-01,foreclosure,broad_foreclosure,17,2026-09-09 11:11:56.080316+00:00
2025-09-01,foreclosure,broad_foreclosure,15,2026-09-09 11:11:56.080316+00:00
2025-10-01,foreclosure,broad_foreclosure,17,2026-09-09 11:11:56.080316+00:00
2025-11-01,foreclosure,broad_foreclosure,17,2026-09-09 11:11:56.080316+00:00
2025-12-01,foreclosure,broad_foreclosure,17,2026-09-09 11:11:56.080316+00:00
2026-01-01,foreclosure,broad_foreclosure,19,2026-09-09 11:11:56.080316+00:00
2026-02-01,foreclosure,broad_foreclosure,20,2026-09-09 11:11:56.080316+00:00
2026-03-01,foreclosure,broad_foreclosure,23,2026-09-09 11:11:56.080316+00:00
2026-04-01,foreclosure,broad_foreclosure,23,2026-09-09 11:11:56.080316+00:00
2026-05-01,foreclosure,broad_foreclosure,22,2026-09-09 11:11:56.080316+00:00
2026-06-01,foreclosure,broad_foreclosure,22,2026-09-09 11:11:56.080316+00:00
2026-07-01,foreclosure,broad_foreclosure,22,2026-09-09 11:11:56.080316+00:00
2026-08-01,foreclosure,broad_foreclosure,19,2026-09-09 11:11:56.080316+00:00
2004-01-01,unemployment benefits,macro,6,2026-09-09 11:11:56.080316+00:00
2004-02-01,unemployment benefits,macro,5,2026-09-09 11:11:56.080316+00:00
2004-03-01,unemployment benefits,macro,4,2026-09-09 11:11:56.080316+00:00
2004-04-01,unemployment benefits,macro,4,2026-09-09 11:11:56.080316+00:00
2004-05-01,unemployment benefits,macro,4,2026-09-09 11:11:56.080316+00:00
2004-06-01,unemployment benefits,macro,4,2026-09-09 11:11:56.080316+00:00
2004-07-01,unemployment benefits,macro,4,2026-09-09 11:11:56.080316+00:00
2004-08-01,unemployment benefits,macro,4,2026-09-09 11:11:56.080316+00:00
2004-09-01,unemployment benefits,macro,4,2026-09-09 11:11:56.080316+00:00
2004-10-01,unemployment benefits,macro,4,2026-09-09 11:11:56.080316+00:00
2004-11-01,unemployment benefits,macro,3,2026-09-09 11:11:56.080316+00:00
2004-12-01,unemployment benefits,macro,3,2026-09-09 11:11:56.080316+00:00
2005-01-01,unemployment benefits,macro,3,2026-09-09 11:11:56.080316+00:00
2005-02-01,unemployment benefits,macro,4,2026-09-09 11:11:56.080316+00:00
2005-03-01,unemployment benefits,macro,3,2026-09-09 11:11:56.080316+00:00
2005-04-01,unemployment benefits,macro,3,2026-09-09 11:11:56.080316+00:00
2005-05-01,unemployment benefits,macro,3,2026-09-09 11:11:56.080316+00:00
2005-06-01,unemployment benefits,macro,3,2026-09-09 11:11:56.080316+00:00
2005-07-01,unemployment benefits,macro,3,2026-09-09 11:11:56.080316+00:00
2005-08-01,unemployment benefits,macro,3,2026-09-09 11:11:56.080316+00:00
2005-09-01,unemployment benefits,macro,4,2026-09-09 11:11:56.080316+00:00
2005-10-01,unemployment benefits,macro,3,2026-09-09 11:11:56.080316+00:00
2005-11-01,unemployment benefits,macro,3,2026-09-09 11:11:56.080316+00:00
2005-12-01,unemployment benefits,macro,3,2026-09-09 11:11:56.080316+00:00
2006-01-01,unemployment benefits,macro,3,2026-09-09 11:11:56.080316+00:00
2006-02-01,unemployment benefits,macro,3,2026-09-09 11:11:56.080316+00:00
2006-03-01,unemployment benefits,macro,3,2026-09-09 11:11:56.080316+00:00
2006-04-01,unemployment benefits,macro,3,2026-09-09 11:11:56.080316+00:00
2006-05-01,unemployment benefits,macro,3,2026-09-09 11:11:56.080316+00:00
2006-06-01,unemployment benefits,macro,3,2026-09-09 11:11:56.080316+00:00
2006-07-01,unemployment benefits,macro,3,2026-09-09 11:11:56.080316+00:00
2006-08-01,unemployment benefits,macro,3,2026-09-09 11:11:56.080316+00:00
2006-09-01,unemployment benefits,macro,3,2026-09-09 11:11:56.080316+00:00
2006-10-01,unemployment benefits,macro,3,2026-09-09 11:11:56.080316+00:00
2006-11-01,unemployment benefits,macro,3,2026-09-09 11:11:56.080316+00:00
2006-12-01,unemployment benefits,macro,3,2026-09-09 11:11:56.080316+00:00
2007-01-01,unemployment benefits,macro,4,2026-09-09 11:11:56.080316+00:00
2007-02-01,unemployment benefits,macro,4,2026-09-09 11:11:56.080316+00:00
2007-03-01,unemployment benefits,macro,4,2026-09-09 11:11:56.080316+00:00
2007-04-01,unemployment benefits,macro,4,2026-09-09 11:11:56.080316+00:00
2007-05-01,unemployment benefits,macro,4,2026-09-09 11:11:56.080316+00:00
2007-06-01,unemployment benefits,macro,4,2026-09-09 11:11:56.080316+00:00
2007-07-01,unemployment benefits,macro,5,2026-09-09 11:11:56.080316+00:00
2007-08-01,unemployment benefits,macro,5,2026-09-09 11:11:56.080316+00:00
2007-09-01,unemployment benefits,macro,5,2026-09-09 11:11:56.080316+00:00
2007-10-01,unemployment benefits,macro,5,2026-09-09 11:11:56.080316+00:00
2007-11-01,unemployment benefits,macro,5,2026-09-09 11:11:56.080316+00:00
2007-12-01,unemployment benefits,macro,6,2026-09-09 11:11:56.080316+00:00
2008-01-01,unemployment benefits,macro,7,2026-09-09 11:11:56.080316+00:00
2008-02-01,unemployment benefits,macro,7,2026-09-09 11:11:56.080316+00:00
2008-03-01,unemployment benefits,macro,7,2026-09-09 11:11:56.080316+00:00
2008-04-01,unemployment benefits,macro,7,2026-09-09 11:11:56.080316+00:00
2008-05-01,unemployment benefits,macro,7,2026-09-09 11:11:56.080316+00:00
2008-06-01,unemployment benefits,macro,9,2026-09-09 11:11:56.080316+00:00
2008-07-01,unemployment benefits,macro,8,2026-09-09 11:11:56.080316+00:00
2008-08-01,unemployment benefits,macro,8,2026-09-09 11:11:56.080316+00:00
2008-09-01,unemployment benefits,macro,11,2026-09-09 11:11:56.080316+00:00
2008-10-01,unemployment benefits,macro,15,2026-09-09 11:11:56.080316+00:00
2008-11-01,unemployment benefits,macro,19,2026-09-09 11:11:56.080316+00:00
2008-12-01,unemployment benefits,macro,18,2026-09-09 11:11:56.080316+00:00
2009-01-01,unemployment benefits,macro,27,2026-09-09 11:11:56.080316+00:00
2009-02-01,unemployment benefits,macro,28,2026-09-09 11:11:56.080316+00:00
2009-03-01,unemployment benefits,macro,21,2026-09-09 11:11:56.080316+00:00
2009-04-01,unemployment benefits,macro,19,2026-09-09 11:11:56.080316+00:00
2009-05-01,unemployment benefits,macro,18,2026-09-09 11:11:56.080316+00:00
2009-06-01,unemployment benefits,macro,20,2026-09-09 11:11:56.080316+00:00
2009-07-01,unemployment benefits,macro,19,2026-09-09 11:11:56.080316+00:00
2009-08-01,unemployment benefits,macro,20,2026-09-09 11:11:56.080316+00:00
2009-09-01,unemployment benefits,macro,21,2026-09-09 11:11:56.080316+00:00
2009-10-01,unemployment benefits,macro,24,2026-09-09 11:11:56.080316+00:00
2009-11-01,unemployment benefits,macro,25,2026-09-09 11:11:56.080316+00:00
2009-12-01,unemployment benefits,macro,20,2026-09-09 11:11:56.080316+00:00
2010-01-01,unemployment benefits,macro,21,2026-09-09 11:11:56.080316+00:00
2010-02-01,unemployment benefits,macro,19,2026-09-09 11:11:56.080316+00:00
2010-03-01,unemployment benefits,macro,24,2026-09-09 11:11:56.080316+00:00
2010-04-01,unemployment benefits,macro,20,2026-09-09 11:11:56.080316+00:00
2010-05-01,unemployment benefits,macro,17,2026-09-09 11:11:56.080316+00:00
2010-06-01,unemployment benefits,macro,25,2026-09-09 11:11:56.080316+00:00
2010-07-01,unemployment benefits,macro,30,2026-09-09 11:11:56.080316+00:00
2010-08-01,unemployment benefits,macro,14,2026-09-09 11:11:56.080316+00:00
2010-09-01,unemployment benefits,macro,11,2026-09-09 11:11:56.080316+00:00
2010-10-01,unemployment benefits,macro,11,2026-09-09 11:11:56.080316+00:00
2010-11-01,unemployment benefits,macro,13,2026-09-09 11:11:56.080316+00:00
2010-12-01,unemployment benefits,macro,19,2026-09-09 11:11:56.080316+00:00
2011-01-01,unemployment benefits,macro,16,2026-09-09 11:11:56.080316+00:00
2011-02-01,unemployment benefits,macro,13,2026-09-09 11:11:56.080316+00:00
2011-03-01,unemployment benefits,macro,12,2026-09-09 11:11:56.080316+00:00
2011-04-01,unemployment benefits,macro,12,2026-09-09 11:11:56.080316+00:00
2011-05-01,unemployment benefits,macro,11,2026-09-09 11:11:56.080316+00:00
2011-06-01,unemployment benefits,macro,11,2026-09-09 11:11:56.080316+00:00
2011-07-01,unemployment benefits,macro,11,2026-09-09 11:11:56.080316+00:00
2011-08-01,unemployment benefits,macro,11,2026-09-09 11:11:56.080316+00:00
2011-09-01,unemployment benefits,macro,10,2026-09-09 11:11:56.080316+00:00
2011-10-01,unemployment benefits,macro,10,2026-09-09 11:11:56.080316+00:00
2011-11-01,unemployment benefits,macro,9,2026-09-09 11:11:56.080316+00:00
2011-12-01,unemployment benefits,macro,11,2026-09-09 11:11:56.080316+00:00
2012-01-01,unemployment benefits,macro,11,2026-09-09 11:11:56.080316+00:00
2012-02-01,unemployment benefits,macro,10,2026-09-09 11:11:56.080316+00:00
2012-03-01,unemployment benefits,macro,7,2026-09-09 11:11:56.080316+00:00
2012-04-01,unemployment benefits,macro,8,2026-09-09 11:11:56.080316+00:00
2012-05-01,unemployment benefits,macro,8,2026-09-09 11:11:56.080316+00:00
2012-06-01,unemployment benefits,macro,8,2026-09-09 11:11:56.080316+00:00
2012-07-01,unemployment benefits,macro,9,2026-09-09 11:11:56.080316+00:00
2012-08-01,unemployment benefits,macro,8,2026-09-09 11:11:56.080316+00:00
2012-09-01,unemployment benefits,macro,8,2026-09-09 11:11:56.080316+00:00
2012-10-01,unemployment benefits,macro,8,2026-09-09 11:11:56.080316+00:00
2012-11-01,unemployment benefits,macro,9,2026-09-09 11:11:56.080316+00:00
2012-12-01,unemployment benefits,macro,15,2026-09-09 11:11:56.080316+00:00
2013-01-01,unemployment benefits,macro,15,2026-09-09 11:11:56.080316+00:00
2013-02-01,unemployment benefits,macro,9,2026-09-09 11:11:56.080316+00:00
2013-03-01,unemployment benefits,macro,8,2026-09-09 11:11:56.080316+00:00
2013-04-01,unemployment benefits,macro,8,2026-09-09 11:11:56.080316+00:00
2013-05-01,unemployment benefits,macro,9,2026-09-09 11:11:56.080316+00:00
2013-06-01,unemployment benefits,macro,9,2026-09-09 11:11:56.080316+00:00
2013-07-01,unemployment benefits,macro,8,2026-09-09 11:11:56.080316+00:00
2013-08-01,unemployment benefits,macro,7,2026-09-09 11:11:56.080316+00:00
2013-09-01,unemployment benefits,macro,9,2026-09-09 11:11:56.080316+00:00
2013-10-01,unemployment benefits,macro,9,2026-09-09 11:11:56.080316+00:00
2013-11-01,unemployment benefits,macro,7,2026-09-09 11:11:56.080316+00:00
2013-12-01,unemployment benefits,macro,11,2026-09-09 11:11:56.080316+00:00
2014-01-01,unemployment benefits,macro,23,2026-09-09 11:11:56.080316+00:00
2014-02-01,unemployment benefits,macro,18,2026-09-09 11:11:56.080316+00:00
2014-03-01,unemployment benefits,macro,14,2026-09-09 11:11:56.080316+00:00
2014-04-01,unemployment benefits,macro,14,2026-09-09 11:11:56.080316+00:00
2014-05-01,unemployment benefits,macro,11,2026-09-09 11:11:56.080316+00:00
2014-06-01,unemployment benefits,macro,9,2026-09-09 11:11:56.080316+00:00
2014-07-01,unemployment benefits,macro,7,2026-09-09 11:11:56.080316+00:00
2014-08-01,unemployment benefits,macro,6,2026-09-09 11:11:56.080316+00:00
2014-09-01,unemployment benefits,macro,6,2026-09-09 11:11:56.080316+00:00
2014-10-01,unemployment benefits,macro,6,2026-09-09 11:11:56.080316+00:00
2014-11-01,unemployment benefits,macro,5,2026-09-09 11:11:56.080316+00:00
2014-12-01,unemployment benefits,macro,5,2026-09-09 11:11:56.080316+00:00
2015-01-01,unemployment benefits,macro,5,2026-09-09 11:11:56.080316+00:00
2015-02-01,unemployment benefits,macro,5,2026-09-09 11:11:56.080316+00:00
2015-03-01,unemployment benefits,macro,5,2026-09-09 11:11:56.080316+00:00
2015-04-01,unemployment benefits,macro,4,2026-09-09 11:11:56.080316+00:00
2015-05-01,unemployment benefits,macro,4,2026-09-09 11:11:56.080316+00:00
2015-06-01,unemployment benefits,macro,4,2026-09-09 11:11:56.080316+00:00
2015-07-01,unemployment benefits,macro,5,2026-09-09 11:11:56.080316+00:00
2015-08-01,unemployment benefits,macro,5,2026-09-09 11:11:56.080316+00:00
2015-09-01,unemployment benefits,macro,4,2026-09-09 11:11:56.080316+00:00
2015-10-01,unemployment benefits,macro,4,2026-09-09 11:11:56.080316+00:00
2015-11-01,unemployment benefits,macro,4,2026-09-09 11:11:56.080316+00:00
2015-12-01,unemployment benefits,macro,5,2026-09-09 11:11:56.080316+00:00
2016-01-01,unemployment benefits,macro,6,2026-09-09 11:11:56.080316+00:00
2016-02-01,unemployment benefits,macro,5,2026-09-09 11:11:56.080316+00:00
2016-03-01,unemployment benefits,macro,4,2026-09-09 11:11:56.080316+00:00
2016-04-01,unemployment benefits,macro,4,2026-09-09 11:11:56.080316+00:00
2016-05-01,unemployment benefits,macro,5,2026-09-09 11:11:56.080316+00:00
2016-06-01,unemployment benefits,macro,5,2026-09-09 11:11:56.080316+00:00
2016-07-01,unemployment benefits,macro,4,2026-09-09 11:11:56.080316+00:00
2016-08-01,unemployment benefits,macro,4,2026-09-09 11:11:56.080316+00:00
2016-09-01,unemployment benefits,macro,4,2026-09-09 11:11:56.080316+00:00
2016-10-01,unemployment benefits,macro,4,2026-09-09 11:11:56.080316+00:00
2016-11-01,unemployment benefits,macro,4,2026-09-09 11:11:56.080316+00:00
2016-12-01,unemployment benefits,macro,4,2026-09-09 11:11:56.080316+00:00
2017-01-01,unemployment benefits,macro,5,2026-09-09 11:11:56.080316+00:00
2017-02-01,unemployment benefits,macro,4,2026-09-09 11:11:56.080316+00:00
2017-03-01,unemployment benefits,macro,4,2026-09-09 11:11:56.080316+00:00
2017-04-01,unemployment benefits,macro,4,2026-09-09 11:11:56.080316+00:00
2017-05-01,unemployment benefits,macro,3,2026-09-09 11:11:56.080316+00:00
2017-06-01,unemployment benefits,macro,4,2026-09-09 11:11:56.080316+00:00
2017-07-01,unemployment benefits,macro,4,2026-09-09 11:11:56.080316+00:00
2017-08-01,unemployment benefits,macro,4,2026-09-09 11:11:56.080316+00:00
2017-09-01,unemployment benefits,macro,4,2026-09-09 11:11:56.080316+00:00
2017-10-01,unemployment benefits,macro,4,2026-09-09 11:11:56.080316+00:00
2017-11-01,unemployment benefits,macro,4,2026-09-09 11:11:56.080316+00:00
2017-12-01,unemployment benefits,macro,3,2026-09-09 11:11:56.080316+00:00
2018-01-01,unemployment benefits,macro,5,2026-09-09 11:11:56.080316+00:00
2018-02-01,unemployment benefits,macro,4,2026-09-09 11:11:56.080316+00:00
2018-03-01,unemployment benefits,macro,3,2026-09-09 11:11:56.080316+00:00
2018-04-01,unemployment benefits,macro,3,2026-09-09 11:11:56.080316+00:00
2018-05-01,unemployment benefits,macro,3,2026-09-09 11:11:56.080316+00:00
2018-06-01,unemployment benefits,macro,3,2026-09-09 11:11:56.080316+00:00
2018-07-01,unemployment benefits,macro,4,2026-09-09 11:11:56.080316+00:00
2018-08-01,unemployment benefits,macro,3,2026-09-09 11:11:56.080316+00:00
2018-09-01,unemployment benefits,macro,3,2026-09-09 11:11:56.080316+00:00
2018-10-01,unemployment benefits,macro,4,2026-09-09 11:11:56.080316+00:00
2018-11-01,unemployment benefits,macro,3,2026-09-09 11:11:56.080316+00:00
2018-12-01,unemployment benefits,macro,4,2026-09-09 11:11:56.080316+00:00
2019-01-01,unemployment benefits,macro,5,2026-09-09 11:11:56.080316+00:00
2019-02-01,unemployment benefits,macro,4,2026-09-09 11:11:56.080316+00:00
2019-03-01,unemployment benefits,macro,3,2026-09-09 11:11:56.080316+00:00
2019-04-01,unemployment benefits,macro,4,2026-09-09 11:11:56.080316+00:00
2019-05-01,unemployment benefits,macro,3,2026-09-09 11:11:56.080316+00:00
2019-06-01,unemployment benefits,macro,4,2026-09-09 11:11:56.080316+00:00
2019-07-01,unemployment benefits,macro,4,2026-09-09 11:11:56.080316+00:00
2019-08-01,unemployment benefits,macro,3,2026-09-09 11:11:56.080316+00:00
2019-09-01,unemployment benefits,macro,3,2026-09-09 11:11:56.080316+00:00
2019-10-01,unemployment benefits,macro,4,2026-09-09 11:11:56.080316+00:00
2019-11-01,unemployment benefits,macro,4,2026-09-09 11:11:56.080316+00:00
2019-12-01,unemployment benefits,macro,4,2026-09-09 11:11:56.080316+00:00
2020-01-01,unemployment benefits,macro,4,2026-09-09 11:11:56.080316+00:00
2020-02-01,unemployment benefits,macro,4,2026-09-09 11:11:56.080316+00:00
2020-03-01,unemployment benefits,macro,47,2026-09-09 11:11:56.080316+00:00
2020-04-01,unemployment benefits,macro,100,2026-09-09 11:11:56.080316+00:00
2020-05-01,unemployment benefits,macro,56,2026-09-09 11:11:56.080316+00:00
2020-06-01,unemployment benefits,macro,48,2026-09-09 11:11:56.080316+00:00
2020-07-01,unemployment benefits,macro,53,2026-09-09 11:11:56.080316+00:00
2020-08-01,unemployment benefits,macro,61,2026-09-09 11:11:56.080316+00:00
2020-09-01,unemployment benefits,macro,40,2026-09-09 11:11:56.080316+00:00
2020-10-01,unemployment benefits,macro,27,2026-09-09 11:11:56.080316+00:00
2020-11-01,unemployment benefits,macro,24,2026-09-09 11:11:56.080316+00:00
2020-12-01,unemployment benefits,macro,36,2026-09-09 11:11:56.080316+00:00
2021-01-01,unemployment benefits,macro,37,2026-09-09 11:11:56.080316+00:00
2021-02-01,unemployment benefits,macro,29,2026-09-09 11:11:56.080316+00:00
2021-03-01,unemployment benefits,macro,31,2026-09-09 11:11:56.080316+00:00
2021-04-01,unemployment benefits,macro,24,2026-09-09 11:11:56.080316+00:00
2021-05-01,unemployment benefits,macro,25,2026-09-09 11:11:56.080316+00:00
2021-06-01,unemployment benefits,macro,17,2026-09-09 11:11:56.080316+00:00
2021-07-01,unemployment benefits,macro,17,2026-09-09 11:11:56.080316+00:00
2021-08-01,unemployment benefits,macro,17,2026-09-09 11:11:56.080316+00:00
2021-09-01,unemployment benefits,macro,15,2026-09-09 11:11:56.080316+00:00
2021-10-01,unemployment benefits,macro,8,2026-09-09 11:11:56.080316+00:00
2021-11-01,unemployment benefits,macro,7,2026-09-09 11:11:56.080316+00:00
2021-12-01,unemployment benefits,macro,6,2026-09-09 11:11:56.080316+00:00
2022-01-01,unemployment benefits,macro,7,2026-09-09 11:11:56.080316+00:00
2022-02-01,unemployment benefits,macro,6,2026-09-09 11:11:56.080316+00:00
2022-03-01,unemployment benefits,macro,5,2026-09-09 11:11:56.080316+00:00
2022-04-01,unemployment benefits,macro,5,2026-09-09 11:11:56.080316+00:00
2022-05-01,unemployment benefits,macro,5,2026-09-09 11:11:56.080316+00:00
2022-06-01,unemployment benefits,macro,5,2026-09-09 11:11:56.080316+00:00
2022-07-01,unemployment benefits,macro,5,2026-09-09 11:11:56.080316+00:00
2022-08-01,unemployment benefits,macro,5,2026-09-09 11:11:56.080316+00:00
2022-09-01,unemployment benefits,macro,5,2026-09-09 11:11:56.080316+00:00
2022-10-01,unemployment benefits,macro,5,2026-09-09 11:11:56.080316+00:00
2022-11-01,unemployment benefits,macro,5,2026-09-09 11:11:56.080316+00:00
2022-12-01,unemployment benefits,macro,6,2026-09-09 11:11:56.080316+00:00
2023-01-01,unemployment benefits,macro,7,2026-09-09 11:11:56.080316+00:00
2023-02-01,unemployment benefits,macro,7,2026-09-09 11:11:56.080316+00:00
2023-03-01,unemployment benefits,macro,6,2026-09-09 11:11:56.080316+00:00
2023-04-01,unemployment benefits,macro,7,2026-09-09 11:11:56.080316+00:00
2023-05-01,unemployment benefits,macro,7,2026-09-09 11:11:56.080316+00:00
2023-06-01,unemployment benefits,macro,8,2026-09-09 11:11:56.080316+00:00
2023-07-01,unemployment benefits,macro,8,2026-09-09 11:11:56.080316+00:00
2023-08-01,unemployment benefits,macro,8,2026-09-09 11:11:56.080316+00:00
2023-09-01,unemployment benefits,macro,7,2026-09-09 11:11:56.080316+00:00
2023-10-01,unemployment benefits,macro,7,2026-09-09 11:11:56.080316+00:00
2023-11-01,unemployment benefits,macro,7,2026-09-09 11:11:56.080316+00:00
2023-12-01,unemployment benefits,macro,6,2026-09-09 11:11:56.080316+00:00
2024-01-01,unemployment benefits,macro,7,2026-09-09 11:11:56.080316+00:00
2024-02-01,unemployment benefits,macro,6,2026-09-09 11:11:56.080316+00:00
2024-03-01,unemployment benefits,macro,5,2026-09-09 11:11:56.080316+00:00
2024-04-01,unemployment benefits,macro,6,2026-09-09 11:11:56.080316+00:00
2024-05-01,unemployment benefits,macro,5,2026-09-09 11:11:56.080316+00:00
2024-06-01,unemployment benefits,macro,5,2026-09-09 11:11:56.080316+00:00
2024-07-01,unemployment benefits,macro,6,2026-09-09 11:11:56.080316+00:00
2024-08-01,unemployment benefits,macro,5,2026-09-09 11:11:56.080316+00:00
2024-09-01,unemployment benefits,macro,5,2026-09-09 11:11:56.080316+00:00
2024-10-01,unemployment benefits,macro,5,2026-09-09 11:11:56.080316+00:00
2024-11-01,unemployment benefits,macro,5,2026-09-09 11:11:56.080316+00:00
2024-12-01,unemployment benefits,macro,5,2026-09-09 11:11:56.080316+00:00
2025-01-01,unemployment benefits,macro,6,2026-09-09 11:11:56.080316+00:00
2025-02-01,unemployment benefits,macro,6,2026-09-09 11:11:56.080316+00:00
2025-03-01,unemployment benefits,macro,6,2026-09-09 11:11:56.080316+00:00
2025-04-01,unemployment benefits,macro,6,2026-09-09 11:11:56.080316+00:00
2025-05-01,unemployment benefits,macro,5,2026-09-09 11:11:56.080316+00:00
2025-06-01,unemployment benefits,macro,6,2026-09-09 11:11:56.080316+00:00
2025-07-01,unemployment benefits,macro,7,2026-09-09 11:11:56.080316+00:00
2025-08-01,unemployment benefits,macro,6,2026-09-09 11:11:56.080316+00:00
2025-09-01,unemployment benefits,macro,6,2026-09-09 11:11:56.080316+00:00
2025-10-01,unemployment benefits,macro,7,2026-09-09 11:11:56.080316+00:00
2025-11-01,unemployment benefits,macro,7,2026-09-09 11:11:56.080316+00:00
2025-12-01,unemployment benefits,macro,8,2026-09-09 11:11:56.080316+00:00
2026-01-01,unemployment benefits,macro,9,2026-09-09 11:11:56.080316+00:00
2026-02-01,unemployment benefits,macro,9,2026-09-09 11:11:56.080316+00:00
2026-03-01,unemployment benefits,macro,7,2026-09-09 11:11:56.080316+00:00
2026-04-01,unemployment benefits,macro,6,2026-09-09 11:11:56.080316+00:00
2026-05-01,unemployment benefits,macro,6,2026-09-09 11:11:56.080316+00:00
2026-06-01,unemployment benefits,macro,6,2026-09-09 11:11:56.080316+00:00
2026-07-01,unemployment benefits,macro,5,2026-09-09 11:11:56.080316+00:00
2026-08-01,unemployment benefits,macro,5,2026-09-09 11:11:56.080316+00:00
